Date,Ticker,Open,High,Low,Close,Volume,Daily_Percent_Return,MA_50,MA_200,Dividends,Stock Splits
2022-12-06 05:00:00,COST,470.92,471.7,457.98,461.8,2995900,,461.8,461.8,0.0,0.0
2022-12-07 05:00:00,COST,459.82,466.97,459.61,462.58,2072600,0.1683,462.19,462.19,0.0,0.0
2022-12-08 05:00:00,COST,463.47,463.89,454.45,462.05,2901000,-0.1141,462.15,462.15,0.0,0.0
2022-12-09 05:00:00,COST,455.99,470.38,451.57,463.59,4211100,0.3324,462.51,462.51,0.0,0.0
2022-12-12 05:00:00,COST,463.31,468.2,461.33,468.06,2276400,0.9648,463.62,463.62,0.0,0.0
2022-12-13 05:00:00,COST,477.05,477.94,462.18,468.56,2626700,0.1066,464.44,464.44,0.0,0.0
2022-12-14 05:00:00,COST,469.2,471.91,461.69,464.07,2145000,-0.9586,464.39,464.39,0.0,0.0
2022-12-15 05:00:00,COST,456.22,457.52,444.53,445.25,3437700,-4.0557,462.0,462.0,0.0,0.0
2022-12-16 05:00:00,COST,442.71,446.09,438.5,442.89,4909200,-0.5303,459.87,459.87,0.0,0.0
2022-12-19 05:00:00,COST,442.38,444.77,437.04,440.18,1939200,-0.6111,457.9,457.9,0.0,0.0
2022-12-20 05:00:00,COST,438.19,441.74,434.33,439.4,1993700,-0.1766,456.22,456.22,0.0,0.0
2022-12-21 05:00:00,COST,440.9,445.04,437.85,443.47,1462400,0.9261,455.16,455.16,0.0,0.0
2022-12-22 05:00:00,COST,440.2,441.88,435.15,440.26,1906100,-0.725,454.01,454.01,0.0,0.0
2022-12-23 05:00:00,COST,439.12,444.55,436.51,444.04,1229500,0.8589,453.3,453.3,0.0,0.0
2022-12-27 05:00:00,COST,445.72,446.01,438.72,440.06,1230800,-0.897,452.42,452.42,0.0,0.0
2022-12-28 05:00:00,COST,439.13,441.94,434.59,434.77,1324100,-1.2017,451.32,451.32,0.0,0.0
2022-12-29 05:00:00,COST,437.3,440.54,435.22,438.17,1465000,0.7815,450.54,450.54,0.0,0.0
2022-12-30 05:00:00,COST,436.36,438.33,432.62,438.14,1803200,-0.0066,449.85,449.85,0.0,0.0
2023-01-03 05:00:00,COST,439.58,440.34,429.88,435.05,1978100,-0.7054,449.07,449.07,0.0,0.0
2023-01-04 05:00:00,COST,438.79,441.03,434.38,438.19,2097300,0.7236,448.53,448.53,0.0,0.0
2023-01-05 05:00:00,COST,436.26,438.07,431.53,432.08,2169300,-1.3952,447.75,447.75,0.0,0.0
2023-01-06 05:00:00,COST,444.45,464.93,443.63,463.45,5174500,7.2592,448.46,448.46,0.0,0.0
2023-01-09 05:00:00,COST,463.5,467.29,458.91,459.49,2384800,-0.8532,448.94,448.94,0.0,0.0
2023-01-10 05:00:00,COST,457.95,462.7,456.35,462.04,1649900,0.5535,449.48,449.48,0.0,0.0
2023-01-11 05:00:00,COST,461.01,465.03,459.84,464.83,1576400,0.6045,450.1,450.1,0.0,0.0
2023-01-12 05:00:00,COST,465.48,465.49,459.49,463.02,1628200,-0.3882,450.6,450.6,0.0,0.0
2023-01-13 05:00:00,COST,461.55,466.06,459.73,465.73,1405900,0.5845,451.16,451.16,0.0,0.0
2023-01-17 05:00:00,COST,465.62,470.75,464.89,467.19,1539900,0.3132,451.73,451.73,0.0,0.0
2023-01-18 05:00:00,COST,465.31,469.15,459.27,460.18,1925500,-1.4997,452.02,452.02,0.0,0.0
2023-01-19 05:00:00,COST,457.08,458.35,449.24,450.6,1919500,-2.0815,451.97,451.97,0.0,0.0
2023-01-20 05:00:00,COST,454.86,461.0,450.59,460.8,2588600,2.262,452.26,452.26,0.0,0.0
2023-01-23 05:00:00,COST,460.64,475.32,458.39,472.79,2709400,2.6036,452.9,452.9,0.0,0.0
2023-01-24 05:00:00,COST,472.26,473.74,467.42,472.31,1510200,-0.1015,453.49,453.49,0.0,0.0
2023-01-25 05:00:00,COST,469.67,472.15,465.01,471.13,1329800,-0.2499,454.01,454.01,0.0,0.0
2023-01-26 05:00:00,COST,473.36,478.61,471.99,478.26,1576400,1.5116,454.7,454.7,0.0,0.0
2023-01-27 05:00:00,COST,479.66,488.62,477.83,483.04,2034100,1.0014,455.49,455.49,0.0,0.0
2023-01-30 05:00:00,COST,480.24,485.26,480.24,483.04,1855900,-0.002,456.23,456.23,0.0,0.0
2023-01-31 05:00:00,COST,482.99,490.84,481.81,490.58,1924100,1.5618,457.14,457.14,0.0,0.0
2023-02-01 05:00:00,COST,487.86,499.51,484.42,497.08,2080200,1.3245,458.16,458.16,0.0,0.0
2023-02-02 05:00:00,COST,504.08,509.61,500.57,503.25,2287400,1.2418,459.29,459.29,0.9,0.0
2023-02-03 05:00:00,COST,499.11,501.44,492.74,494.95,1844100,-1.6487,460.16,460.16,0.0,0.0
2023-02-06 05:00:00,COST,494.61,497.28,492.52,495.71,1740100,0.1535,461.0,461.0,0.0,0.0
2023-02-07 05:00:00,COST,492.25,498.02,487.83,496.62,1927300,0.1823,461.83,461.83,0.0,0.0
2023-02-08 05:00:00,COST,491.58,492.43,482.22,484.39,2062900,-2.4626,462.34,462.34,0.0,0.0
2023-02-09 05:00:00,COST,485.81,489.53,479.2,481.33,1517300,-0.6312,462.77,462.77,0.0,0.0
2023-02-10 05:00:00,COST,479.29,481.25,476.28,480.71,1536800,-0.1278,463.16,463.16,0.0,0.0
2023-02-13 05:00:00,COST,482.4,487.25,482.02,486.92,1452600,1.292,463.66,463.66,0.0,0.0
2023-02-14 05:00:00,COST,485.54,488.27,479.41,483.82,1257300,-0.6378,464.08,464.08,0.0,0.0
2023-02-15 05:00:00,COST,483.35,491.7,482.01,491.57,1422600,1.6017,464.64,464.64,0.0,0.0
2023-02-16 05:00:00,COST,484.19,491.04,484.18,484.66,1456000,-1.4043,465.04,465.04,0.0,0.0
2023-02-17 05:00:00,COST,484.83,488.14,482.49,487.91,1340400,0.6705,465.57,465.49,0.0,0.0
2023-02-21 05:00:00,COST,481.51,484.56,477.41,482.4,1811800,-1.1311,465.96,465.82,0.0,0.0
2023-02-22 05:00:00,COST,484.49,485.97,477.45,478.21,1332000,-0.867,466.28,466.05,0.0,0.0
2023-02-23 05:00:00,COST,479.57,479.63,469.05,474.13,1546300,-0.8545,466.5,466.2,0.0,0.0
2023-02-24 05:00:00,COST,469.74,471.45,466.01,469.77,1587600,-0.9186,466.53,466.26,0.0,0.0
2023-02-27 05:00:00,COST,473.56,473.99,466.95,468.25,1501700,-0.3234,466.52,466.3,0.0,0.0
2023-02-28 05:00:00,COST,466.88,470.03,465.13,465.51,1918200,-0.5852,466.55,466.29,0.0,0.0
2023-03-01 05:00:00,COST,462.55,463.97,456.71,460.21,1759300,-1.138,466.85,466.18,0.0,0.0
2023-03-02 05:00:00,COST,458.96,468.64,457.22,466.96,2379200,1.4666,467.33,466.2,0.0,0.0
2023-03-03 05:00:00,COST,456.52,457.65,447.39,456.94,5354200,-2.1474,467.67,466.04,0.0,0.0
2023-03-06 05:00:00,COST,458.15,469.97,457.19,464.45,3104700,1.6454,468.17,466.01,0.0,0.0
2023-03-07 05:00:00,COST,467.36,476.12,466.3,466.44,2659100,0.4285,468.63,466.02,0.0,0.0
2023-03-08 05:00:00,COST,464.38,468.11,462.59,467.3,1548500,0.1835,469.17,466.04,0.0,0.0
2023-03-09 05:00:00,COST,468.69,471.11,460.17,461.03,1629400,-1.3414,469.51,465.96,0.0,0.0
2023-03-10 05:00:00,COST,460.51,461.94,450.32,452.98,2123000,-1.7476,469.77,465.76,0.0,0.0
2023-03-13 04:00:00,COST,448.8,458.31,448.8,453.8,1799600,0.1825,470.15,465.58,0.0,0.0
2023-03-14 04:00:00,COST,457.1,466.45,454.76,463.34,2422900,2.1017,470.65,465.55,0.0,0.0
2023-03-15 04:00:00,COST,462.95,468.24,460.09,466.94,2226300,0.7761,471.23,465.57,0.0,0.0
2023-03-16 04:00:00,COST,466.23,469.32,464.15,468.47,1979600,0.3294,471.9,465.61,0.0,0.0
2023-03-17 04:00:00,COST,470.21,471.01,462.95,468.27,3959300,-0.0431,472.5,465.65,0.0,0.0
2023-03-20 04:00:00,COST,469.19,471.87,466.99,470.43,1623800,0.4599,473.26,465.72,0.0,0.0
2023-03-21 04:00:00,COST,473.99,473.99,467.25,471.93,1664000,0.3188,473.43,465.8,0.0,0.0
2023-03-22 04:00:00,COST,470.59,477.47,468.56,468.72,1299700,-0.6784,473.62,465.84,0.0,0.0
2023-03-23 04:00:00,COST,471.77,474.23,465.62,468.95,1565900,0.0492,473.76,465.89,0.0,0.0
2023-03-24 04:00:00,COST,468.17,476.85,467.8,476.17,1635200,1.5397,473.98,466.02,0.0,0.0
2023-03-27 04:00:00,COST,478.11,480.59,473.52,474.2,1452100,-0.4139,474.21,466.13,0.0,0.0
2023-03-28 04:00:00,COST,473.62,475.01,466.69,468.0,1407800,-1.3077,474.25,466.15,0.0,0.0
2023-03-29 04:00:00,COST,470.34,472.36,467.17,471.94,1643000,0.8423,474.35,466.23,0.0,0.0
2023-03-30 04:00:00,COST,473.99,476.63,472.07,472.53,1545500,0.1243,474.6,466.31,0.0,0.0
2023-03-31 04:00:00,COST,475.92,479.15,474.9,477.71,2082000,1.0967,475.14,466.45,0.0,0.0
2023-04-03 04:00:00,COST,477.36,479.95,475.92,477.87,1804700,0.0322,475.48,466.59,0.0,0.0
2023-04-04 04:00:00,COST,477.36,483.2,476.4,478.54,1913300,0.1408,475.59,466.74,0.0,0.0
2023-04-05 04:00:00,COST,479.76,484.69,476.07,477.96,1941500,-0.1205,475.71,466.87,0.0,0.0
2023-04-06 04:00:00,COST,463.42,469.04,459.09,467.24,4114700,-2.2429,475.63,466.88,0.0,0.0
2023-04-10 04:00:00,COST,465.24,474.86,463.09,474.79,1653600,1.6153,475.56,466.97,0.0,0.0
2023-04-11 04:00:00,COST,474.79,480.71,473.99,479.42,1547400,0.976,475.49,467.12,0.0,0.0
2023-04-12 04:00:00,COST,480.72,480.77,469.7,470.48,2063700,-1.865,475.24,467.15,0.0,0.0
2023-04-13 04:00:00,COST,474.46,479.22,471.41,478.69,1600500,1.7452,475.0,467.29,0.0,0.0
2023-04-14 04:00:00,COST,477.06,481.08,471.26,472.36,1675300,-1.3236,474.5,467.34,0.0,0.0
2023-04-17 04:00:00,COST,473.77,478.69,472.21,474.9,1411800,0.5374,473.94,467.43,0.0,0.0
2023-04-18 04:00:00,COST,476.97,478.44,475.07,477.74,1339600,0.5993,473.59,467.54,0.0,0.0
2023-04-19 04:00:00,COST,477.96,478.79,474.79,476.91,1098800,-0.1751,473.22,467.64,0.0,0.0
2023-04-20 04:00:00,COST,476.64,490.97,476.41,486.09,2936500,1.9253,473.01,467.84,0.0,0.0
2023-04-21 04:00:00,COST,489.73,490.95,485.97,486.83,1508600,0.1523,473.06,468.04,0.0,0.0
2023-04-24 04:00:00,COST,486.59,491.96,486.31,491.7,1374100,1.0013,473.26,468.29,0.0,0.0
2023-04-25 04:00:00,COST,491.42,493.35,482.9,483.77,1789900,-1.6131,473.32,468.45,0.0,0.0
2023-04-26 04:00:00,COST,481.13,483.48,474.37,475.59,1441900,-1.6913,473.1,468.53,0.0,0.0
2023-04-27 04:00:00,COST,475.75,482.9,475.75,481.94,1361600,1.3362,473.06,468.66,0.0,0.0
2023-04-28 04:00:00,COST,482.22,485.37,481.34,483.82,1170200,0.389,472.9,468.82,0.0,0.0
2023-05-01 04:00:00,COST,479.91,480.77,469.95,474.56,2203200,-1.9137,472.7,468.87,0.0,0.0
2023-05-02 04:00:00,COST,475.92,476.57,470.93,475.73,1940800,0.2472,472.46,468.94,0.0,0.0
2023-05-03 04:00:00,COST,477.45,479.55,470.78,471.17,1426400,-0.96,472.23,468.96,0.0,0.0
2023-05-04 04:00:00,COST,471.07,472.97,468.17,472.42,1487000,0.2658,472.12,469.0,1.02,0.0
2023-05-05 04:00:00,COST,475.17,481.15,474.96,480.82,1709200,1.7783,472.25,469.11,0.0,0.0
2023-05-08 04:00:00,COST,479.19,481.97,477.58,480.82,1015000,0.0,472.47,469.22,0.0,0.0
2023-05-09 04:00:00,COST,478.8,483.4,478.25,482.49,1571800,0.3467,472.76,469.35,0.0,0.0
2023-05-10 04:00:00,COST,483.6,486.51,477.0,481.4,1257600,-0.2256,473.08,469.46,0.0,0.0
2023-05-11 04:00:00,COST,481.25,484.62,479.36,483.55,1046700,0.4463,473.54,469.59,0.0,0.0
2023-05-12 04:00:00,COST,484.78,487.53,482.88,485.65,1472800,0.4344,473.92,469.74,0.0,0.0
2023-05-15 04:00:00,COST,485.59,486.54,480.63,483.69,1135700,-0.4027,474.45,469.86,0.0,0.0
2023-05-16 04:00:00,COST,481.72,482.0,476.23,478.02,1229300,-1.1732,474.72,469.94,0.0,0.0
2023-05-17 04:00:00,COST,479.8,479.81,473.92,476.91,2069500,-0.2318,474.93,470.0,0.0,0.0
2023-05-18 04:00:00,COST,476.91,480.38,476.02,479.89,2298900,0.6263,475.18,470.09,0.0,0.0
2023-05-19 04:00:00,COST,481.14,481.14,475.87,478.37,1635000,-0.3172,475.53,470.16,0.0,0.0
2023-05-22 04:00:00,COST,478.83,478.83,470.68,473.89,1943800,-0.9365,475.95,470.19,0.0,0.0
2023-05-23 04:00:00,COST,469.36,469.36,465.32,467.15,1800200,-1.4231,476.22,470.17,0.0,0.0
2023-05-24 04:00:00,COST,469.44,469.44,463.33,465.12,1600600,-0.4352,476.25,470.12,0.0,0.0
2023-05-25 04:00:00,COST,462.66,470.68,459.32,468.77,3421900,0.7851,476.29,470.11,0.0,0.0
2023-05-26 04:00:00,COST,467.9,492.08,466.43,488.72,5302600,4.2565,476.69,470.27,0.0,0.0
2023-05-30 04:00:00,COST,491.16,495.97,483.26,489.46,2544800,0.1518,477.12,470.43,0.0,0.0
2023-05-31 04:00:00,COST,490.26,495.09,486.49,492.86,3320800,0.6949,477.56,470.61,0.0,0.0
2023-06-01 04:00:00,COST,490.71,494.96,483.75,493.86,2407700,0.2033,478.0,470.8,0.0,0.0
2023-06-02 04:00:00,COST,491.67,499.55,490.78,493.85,2284800,-0.002,478.51,470.99,0.0,0.0
2023-06-05 04:00:00,COST,493.85,499.95,493.31,499.31,2023500,1.1042,479.11,471.22,0.0,0.0
2023-06-06 04:00:00,COST,499.31,499.67,494.02,497.39,1410300,-0.384,479.54,471.43,0.0,0.0
2023-06-07 04:00:00,COST,495.7,500.31,491.91,492.54,1784700,-0.9743,479.9,471.6,0.0,0.0
2023-06-08 04:00:00,COST,493.77,501.27,493.77,501.08,1530400,1.7331,480.57,471.83,0.0,0.0
2023-06-09 04:00:00,COST,499.25,502.98,496.66,498.37,1287300,-0.5403,481.09,472.04,0.0,0.0
2023-06-12 04:00:00,COST,498.37,502.22,497.14,501.93,1404500,0.7133,481.68,472.27,0.0,0.0
2023-06-13 04:00:00,COST,502.94,503.84,498.98,502.94,1204700,0.2015,482.19,472.5,0.0,0.0
2023-06-14 04:00:00,COST,505.81,508.56,504.02,507.93,1841400,0.9923,482.79,472.77,0.0,0.0
2023-06-15 04:00:00,COST,509.67,511.84,507.41,509.84,1871600,0.3756,483.41,473.05,0.0,0.0
2023-06-16 04:00:00,COST,510.72,511.03,503.53,504.51,3147800,-1.045,483.95,473.29,0.0,0.0
2023-06-20 04:00:00,COST,502.87,503.79,499.2,500.71,1684400,-0.7543,484.61,473.5,0.0,0.0
2023-06-21 04:00:00,COST,498.98,502.57,497.66,500.63,1273600,-0.0154,485.13,473.7,0.0,0.0
2023-06-22 04:00:00,COST,501.66,505.5,500.69,505.04,1114000,0.8814,485.64,473.93,0.0,0.0
2023-06-23 04:00:00,COST,504.01,506.2,500.36,505.27,1434300,0.0458,486.34,474.16,0.0,0.0
2023-06-26 04:00:00,COST,505.23,505.69,502.21,504.29,1278500,-0.1945,486.85,474.37,0.0,0.0
2023-06-27 04:00:00,COST,503.55,512.95,503.02,510.95,1673600,1.3202,487.62,474.64,0.0,0.0
2023-06-28 04:00:00,COST,509.65,513.99,509.29,513.33,1245200,0.4658,488.39,474.91,0.0,0.0
2023-06-29 04:00:00,COST,511.19,512.99,509.62,512.26,1121800,-0.2083,489.08,475.18,0.0,0.0
2023-06-30 04:00:00,COST,514.65,519.84,514.13,518.7,2221900,1.2583,489.92,475.49,0.0,0.0
2023-07-03 04:00:00,COST,517.61,521.3,514.81,521.26,951400,0.4941,490.62,475.81,0.0,0.0
2023-07-05 04:00:00,COST,521.44,526.09,517.85,521.35,1630400,0.0166,491.31,476.12,0.0,0.0
2023-07-06 04:00:00,COST,519.18,520.55,516.97,517.73,1750100,-0.6949,491.83,476.41,0.0,0.0
2023-07-07 04:00:00,COST,514.38,516.85,505.45,505.86,2740600,-2.2926,492.27,476.61,0.0,0.0
2023-07-10 04:00:00,COST,505.87,511.74,505.87,507.75,1955600,0.3733,492.92,476.82,0.0,0.0
2023-07-11 04:00:00,COST,508.22,511.36,506.92,510.28,1262300,0.4991,493.48,477.05,0.0,0.0
2023-07-12 04:00:00,COST,512.56,520.37,511.7,518.34,1960500,1.5784,494.17,477.33,0.0,0.0
2023-07-13 04:00:00,COST,518.14,519.42,513.32,518.77,1647200,0.0836,495.06,477.6,0.0,0.0
2023-07-14 04:00:00,COST,519.02,526.87,518.43,526.72,1828700,1.5322,496.08,477.93,0.0,0.0
2023-07-17 04:00:00,COST,526.22,533.95,526.14,532.75,1909900,1.1451,497.31,478.29,0.0,0.0
2023-07-18 04:00:00,COST,532.47,534.71,529.31,533.36,1778800,0.1139,498.53,478.65,0.0,0.0
2023-07-19 04:00:00,COST,534.21,535.57,531.84,533.86,1261100,0.0939,499.59,479.01,0.0,0.0
2023-07-20 04:00:00,COST,533.57,540.56,533.47,536.6,1732800,0.5143,500.71,479.38,0.0,0.0
2023-07-21 04:00:00,COST,538.73,541.51,537.08,537.47,5264300,0.1616,501.81,479.75,0.0,0.0
2023-07-24 04:00:00,COST,537.61,545.86,535.56,543.32,2086400,1.0881,503.04,480.15,0.0,0.0
2023-07-25 04:00:00,COST,546.05,546.81,543.67,544.53,1602500,0.2234,504.26,480.56,0.0,0.0
2023-07-26 04:00:00,COST,544.84,547.27,542.83,545.48,1306400,0.1734,505.46,480.97,0.0,0.0
2023-07-27 04:00:00,COST,546.97,550.28,540.11,541.3,1485300,-0.7665,506.61,481.35,0.0,0.0
2023-07-28 04:00:00,COST,543.94,547.06,542.06,542.73,1371400,0.2652,507.91,481.73,0.0,0.0
2023-07-31 04:00:00,COST,542.42,543.67,538.62,540.18,1365900,-0.4704,509.17,482.09,0.0,0.0
2023-08-01 04:00:00,COST,540.14,542.31,534.27,535.17,1445300,-0.9275,510.28,482.42,0.0,0.0
2023-08-02 04:00:00,COST,532.07,536.29,530.88,532.16,1635000,-0.5617,511.35,482.72,0.0,0.0
2023-08-03 04:00:00,COST,533.3,539.87,532.04,537.31,1463400,0.9668,512.62,483.05,0.0,0.0
2023-08-04 04:00:00,COST,540.56,540.77,531.26,531.86,1142000,-1.0131,513.92,483.34,0.0,0.0
2023-08-07 04:00:00,COST,534.71,539.11,534.71,538.0,1015400,1.1539,515.37,483.67,0.0,0.0
2023-08-08 04:00:00,COST,537.61,538.47,531.67,535.79,1020400,-0.4101,516.71,483.98,0.0,0.0
2023-08-09 04:00:00,COST,537.59,541.55,536.46,539.24,1471800,0.6437,517.72,484.31,0.0,0.0
2023-08-10 04:00:00,COST,542.62,548.41,540.21,540.97,1107200,0.3198,518.75,484.64,0.0,0.0
2023-08-11 04:00:00,COST,539.87,544.35,538.6,542.38,1043100,0.2618,519.74,484.98,0.0,0.0
2023-08-14 04:00:00,COST,544.13,546.96,539.96,540.95,1247600,-0.2647,520.69,485.3,0.0,0.0
2023-08-15 04:00:00,COST,540.54,544.5,537.8,538.1,1124300,-0.5272,521.57,485.61,0.0,0.0
2023-08-16 04:00:00,COST,541.17,544.3,538.3,538.62,1340100,0.0967,522.36,485.91,0.0,0.0
2023-08-17 04:00:00,COST,539.02,539.94,525.16,527.11,1941900,-2.1358,522.95,486.15,0.0,0.0
2023-08-18 04:00:00,COST,526.93,529.39,523.26,525.02,1878100,-0.3966,523.6,486.37,0.0,0.0
2023-08-21 04:00:00,COST,523.98,525.22,516.7,523.36,2076100,-0.3175,524.05,486.58,0.0,0.0
2023-08-22 04:00:00,COST,522.15,522.15,517.85,518.69,1286000,-0.891,524.45,486.76,0.0,0.0
2023-08-23 04:00:00,COST,519.26,521.39,516.64,521.09,1295800,0.4625,524.84,486.95,0.0,0.0
2023-08-24 04:00:00,COST,520.56,522.21,512.38,513.24,1587500,-1.506,525.04,487.1,1.02,0.0
2023-08-25 04:00:00,COST,514.4,517.18,512.13,515.46,1511500,0.4326,525.19,487.25,0.0,0.0
2023-08-28 04:00:00,COST,517.38,518.39,514.6,517.57,945800,0.4082,525.35,487.42,0.0,0.0
2023-08-29 04:00:00,COST,515.78,524.21,515.78,523.92,1468500,1.2272,525.74,487.62,0.0,0.0
2023-08-30 04:00:00,COST,523.88,525.51,520.58,523.43,1292800,-0.094,526.19,487.82,0.0,0.0
2023-08-31 04:00:00,COST,521.25,533.02,521.25,530.2,2086500,1.2945,526.78,488.04,0.0,0.0
2023-09-01 04:00:00,COST,533.86,534.26,521.86,525.35,1437700,-0.9157,527.19,488.24,0.0,0.0
2023-09-05 04:00:00,COST,526.78,530.12,525.11,525.81,1714300,0.0882,527.6,488.45,0.0,0.0
2023-09-06 04:00:00,COST,522.91,529.62,521.42,527.7,1476600,0.3598,528.07,488.65,0.0,0.0
2023-09-07 04:00:00,COST,529.6,531.85,525.39,529.57,1340000,0.353,528.44,488.87,0.0,0.0
2023-09-08 04:00:00,COST,530.0,533.2,529.06,532.05,1075300,0.4685,528.81,489.1,0.0,0.0
2023-09-11 04:00:00,COST,533.61,539.96,532.69,539.37,1388600,1.377,529.36,489.36,0.0,0.0
2023-09-12 04:00:00,COST,539.86,540.94,536.86,539.38,1055500,0.0018,529.77,489.62,0.0,0.0
2023-09-13 04:00:00,COST,538.91,540.98,535.36,540.32,1162700,0.1736,530.15,489.88,0.0,0.0
2023-09-14 04:00:00,COST,545.19,547.02,540.79,545.16,1257300,0.895,530.63,490.17,0.0,0.0
2023-09-15 04:00:00,COST,545.7,545.87,536.25,537.04,2945300,-1.4891,531.01,490.41,0.0,0.0
2023-09-18 04:00:00,COST,538.79,544.6,538.11,543.18,1003100,1.1431,531.76,490.68,0.0,0.0
2023-09-19 04:00:00,COST,542.13,545.7,540.0,544.75,1144700,0.2897,532.5,490.95,0.0,0.0
2023-09-20 04:00:00,COST,544.75,549.45,543.12,544.25,1311500,-0.0921,533.18,491.22,0.0,0.0
2023-09-21 04:00:00,COST,544.48,544.96,535.03,535.8,1687700,-1.5519,533.53,491.45,0.0,0.0
2023-09-22 04:00:00,COST,535.88,543.42,535.51,539.19,1527300,0.6323,533.94,491.69,0.0,0.0
2023-09-25 04:00:00,COST,540.06,541.78,535.47,539.22,1313300,0.0053,534.19,492.07,0.0,0.0
2023-09-26 04:00:00,COST,539.73,541.87,532.83,533.76,2425100,-1.0132,534.21,492.43,0.0,0.0
2023-09-27 04:00:00,COST,528.37,546.83,525.81,543.96,4591400,1.9115,534.42,492.84,0.0,0.0
2023-09-28 04:00:00,COST,544.48,552.31,544.48,548.88,2192400,0.905,534.72,493.26,0.0,0.0
2023-09-29 04:00:00,COST,550.2,551.16,541.23,545.34,1887500,-0.6454,534.89,493.65,0.0,0.0
2023-10-02 04:00:00,COST,548.19,551.88,544.41,551.47,1831700,1.1239,535.17,494.07,0.0,0.0
2023-10-03 04:00:00,COST,551.27,556.18,543.46,545.42,2007400,-1.0975,535.22,494.47,0.0,0.0
2023-10-04 04:00:00,COST,549.71,552.72,544.18,551.94,1798800,1.1964,535.36,495.01,0.0,0.0
2023-10-05 04:00:00,COST,552.3,554.79,544.76,549.74,1579700,-0.3987,535.45,495.54,0.0,0.0
2023-10-06 04:00:00,COST,546.43,547.26,523.78,538.17,4246700,-2.1053,535.39,496.03,0.0,0.0
2023-10-09 04:00:00,COST,535.73,540.31,530.69,539.56,1781500,0.2583,535.32,496.53,0.0,0.0
2023-10-10 04:00:00,COST,540.47,547.26,537.89,542.57,2176800,0.5582,535.37,497.03,0.0,0.0
2023-10-11 04:00:00,COST,545.23,546.83,540.74,545.88,1449800,0.6102,535.59,497.55,0.0,0.0
2023-10-12 04:00:00,COST,548.32,549.37,542.85,544.2,1458000,-0.3077,535.83,498.05,0.0,0.0
2023-10-13 04:00:00,COST,544.27,547.73,542.46,547.15,1243900,0.5428,536.02,498.59,0.0,0.0
2023-10-16 04:00:00,COST,549.9,554.16,548.78,552.37,1428300,0.9527,536.43,499.18,0.0,0.0
2023-10-17 04:00:00,COST,552.08,556.05,550.89,554.39,1404600,0.367,536.76,499.76,0.0,0.0
2023-10-18 04:00:00,COST,553.99,557.25,552.13,554.68,1311900,0.0522,537.14,500.34,0.0,0.0
2023-10-19 04:00:00,COST,553.78,555.85,544.52,545.99,2019600,-1.5679,537.27,500.9,0.0,0.0
2023-10-20 04:00:00,COST,546.86,546.99,532.84,533.73,2295400,-2.2453,537.13,501.37,0.0,0.0
2023-10-23 04:00:00,COST,534.89,537.58,527.65,533.11,1776500,-0.1158,536.94,501.88,0.0,0.0
2023-10-24 04:00:00,COST,532.93,536.68,530.25,532.67,1678600,-0.0815,536.78,502.23,0.0,0.0
2023-10-25 04:00:00,COST,529.5,534.6,526.66,530.89,1757500,-0.3353,536.63,502.58,0.0,0.0
2023-10-26 04:00:00,COST,530.56,535.4,526.58,528.58,1925300,-0.4345,536.43,502.92,0.0,0.0
2023-10-27 04:00:00,COST,528.58,529.0,521.47,524.17,1503100,-0.8345,536.37,503.21,0.0,0.0
2023-10-30 04:00:00,COST,526.79,537.04,524.76,535.61,1696200,2.1822,536.59,503.58,0.0,0.0
2023-10-31 04:00:00,COST,532.98,534.79,529.99,533.25,1394700,-0.4397,536.78,503.91,0.0,0.0
2023-11-01 04:00:00,COST,535.72,539.05,530.56,537.46,1735300,0.7892,537.16,504.26,0.0,0.0
2023-11-02 04:00:00,COST,538.16,541.07,533.82,537.65,2100600,0.0342,537.49,504.65,1.02,0.0
2023-11-03 04:00:00,COST,538.96,544.43,536.93,542.41,1826800,0.8867,538.07,505.11,0.0,0.0
2023-11-06 05:00:00,COST,542.02,553.78,541.67,551.04,2056900,1.5903,538.79,505.56,0.0,0.0
2023-11-07 05:00:00,COST,553.63,554.98,550.79,552.44,1373100,0.2545,539.48,505.96,0.0,0.0
2023-11-08 05:00:00,COST,553.26,554.11,545.69,548.68,1343600,-0.6809,539.98,506.34,0.0,0.0
2023-11-09 05:00:00,COST,550.25,550.25,543.49,544.71,1288400,-0.7244,540.4,506.71,0.0,0.0
2023-11-10 05:00:00,COST,549.18,558.84,546.32,558.1,1908800,2.4588,540.96,507.11,0.0,0.0
2023-11-13 05:00:00,COST,556.05,560.84,554.59,559.17,1650700,0.1923,541.64,507.49,0.0,0.0
2023-11-14 05:00:00,COST,562.57,572.05,562.05,571.33,2037600,2.1739,542.55,507.93,0.0,0.0
2023-11-15 05:00:00,COST,574.41,580.12,573.83,577.11,2165100,1.0122,543.54,508.36,0.0,0.0
2023-11-16 05:00:00,COST,567.05,567.26,553.38,559.51,2954700,-3.0497,544.14,508.68,0.0,0.0
2023-11-17 05:00:00,COST,559.82,560.81,555.14,558.13,1773600,-0.2472,544.66,508.95,0.0,0.0
2023-11-20 05:00:00,COST,558.31,563.13,558.31,561.66,1624100,0.6324,545.1,509.28,0.0,0.0
2023-11-21 05:00:00,COST,562.82,565.67,558.67,565.04,1173700,0.6026,545.62,509.63,0.0,0.0
2023-11-22 05:00:00,COST,567.51,571.66,567.02,569.66,1068600,0.8181,546.2,510.0,0.0,0.0
2023-11-24 05:00:00,COST,571.54,574.62,570.95,571.87,645800,0.3871,546.74,510.43,0.0,0.0
2023-11-27 05:00:00,COST,572.99,580.17,572.89,575.29,1627400,0.5986,547.5,510.9,0.0,0.0
2023-11-28 05:00:00,COST,573.64,577.73,571.93,574.42,1286800,-0.1513,548.13,511.37,0.0,0.0
2023-11-29 05:00:00,COST,575.58,575.59,568.06,568.49,1319800,-1.0337,548.6,511.78,0.0,0.0
2023-11-30 05:00:00,COST,568.46,573.52,563.62,573.2,1755200,0.8301,549.18,512.23,0.0,0.0
2023-12-01 05:00:00,COST,573.73,576.7,571.13,576.6,1475300,0.5922,550.0,512.65,0.0,0.0
2023-12-04 05:00:00,COST,572.63,579.77,571.97,579.34,1624000,0.4747,550.8,513.12,0.0,0.0
2023-12-05 05:00:00,COST,578.8,588.81,577.35,585.4,2349700,1.0466,551.72,513.61,0.0,0.0
2023-12-06 05:00:00,COST,585.54,588.43,583.96,587.41,2233900,0.3436,552.8,514.14,0.0,0.0
2023-12-07 05:00:00,COST,589.9,592.17,586.37,590.81,1690400,0.5795,553.73,514.7,0.0,0.0
2023-12-08 05:00:00,COST,588.54,593.39,587.7,590.65,1502100,-0.0278,554.57,515.28,0.0,0.0
2023-12-11 05:00:00,COST,601.47,604.43,598.37,603.3,2139300,2.1415,555.73,515.95,0.0,0.0
2023-12-12 05:00:00,COST,606.76,608.94,602.67,608.75,2374400,0.904,556.87,516.65,0.0,0.0
2023-12-13 05:00:00,COST,613.03,621.42,610.2,620.84,2436900,1.9857,558.38,517.43,0.0,0.0
2023-12-14 05:00:00,COST,620.05,620.74,609.53,609.99,3839200,-1.7477,559.54,518.18,0.0,0.0
2023-12-15 05:00:00,COST,620.36,640.07,619.39,637.11,8807700,4.4453,561.29,519.03,0.0,0.0
2023-12-18 05:00:00,COST,642.6,659.44,639.31,658.79,5733400,3.403,563.7,520.04,0.0,0.0
2023-12-19 05:00:00,COST,652.75,658.36,647.07,655.4,3437300,-0.5138,566.02,520.99,0.0,0.0
2023-12-20 05:00:00,COST,649.65,652.12,639.02,639.21,3782700,-2.47,567.95,521.86,0.0,0.0
2023-12-21 05:00:00,COST,643.91,645.35,637.72,643.24,2388400,0.6293,569.9,522.74,0.0,0.0
2023-12-22 05:00:00,COST,645.98,651.08,644.05,649.47,1641700,0.9682,572.01,523.68,0.0,0.0
2023-12-26 05:00:00,COST,650.83,653.58,648.67,652.39,1774800,0.4497,574.11,524.68,0.0,0.0
2023-12-27 05:00:00,COST,655.43,661.25,653.16,659.49,1875900,1.0885,576.25,525.7,15.0,0.0
2023-12-28 05:00:00,COST,658.55,659.55,654.33,655.83,1496900,-0.5549,578.28,526.67,0.0,0.0
2023-12-29 05:00:00,COST,653.75,655.92,649.95,652.84,1947500,-0.4554,580.24,527.6,0.0,0.0
2024-01-02 05:00:00,COST,648.39,650.59,642.38,643.51,2657700,-1.4286,582.2,528.47,0.0,0.0
2024-01-03 05:00:00,COST,644.07,648.26,636.05,637.62,2612600,-0.916,584.27,529.32,0.0,0.0
2024-01-04 05:00:00,COST,635.04,642.77,633.49,641.24,2171100,0.5677,586.44,530.17,0.0,0.0
2024-01-05 05:00:00,COST,648.98,652.42,645.09,648.82,2233500,1.1815,588.76,531.06,0.0,0.0
2024-01-08 05:00:00,COST,648.62,654.82,646.86,654.43,2245300,0.8658,591.23,531.99,0.0,0.0
2024-01-09 05:00:00,COST,651.65,659.97,651.04,659.86,1886200,0.8297,593.85,532.94,0.0,0.0
2024-01-10 05:00:00,COST,662.22,666.44,661.67,665.38,1801900,0.8363,596.68,533.89,0.0,0.0
2024-01-11 05:00:00,COST,663.64,667.11,660.32,666.19,1670800,0.1219,599.29,534.85,0.0,0.0
2024-01-12 05:00:00,COST,670.07,676.22,668.69,675.75,2388400,1.4341,602.14,535.88,0.0,0.0
2024-01-16 05:00:00,COST,675.75,678.99,670.72,674.02,1626700,-0.2561,604.87,536.89,0.0,0.0
2024-01-17 05:00:00,COST,673.04,677.36,671.74,676.69,1786800,0.3962,607.65,537.92,0.0,0.0
2024-01-18 05:00:00,COST,675.34,680.18,672.75,679.77,1900600,0.456,610.4,538.93,0.0,0.0
2024-01-19 05:00:00,COST,680.95,688.5,675.18,687.35,2267900,1.1145,613.13,539.97,0.0,0.0
2024-01-22 05:00:00,COST,687.8,691.0,682.95,684.92,2452900,-0.354,615.78,541.01,0.0,0.0
2024-01-23 05:00:00,COST,683.14,684.04,677.12,680.05,2208600,-0.7105,618.4,542.02,0.0,0.0
2024-01-24 05:00:00,COST,681.44,682.4,675.63,678.98,1946500,-0.1571,621.09,543.07,0.0,0.0
2024-01-25 05:00:00,COST,678.97,678.97,668.55,672.44,2751900,-0.9628,623.38,544.06,0.0,0.0
2024-01-26 05:00:00,COST,672.62,679.7,672.05,679.35,1825500,1.0266,625.78,545.06,0.0,0.0
2024-01-29 05:00:00,COST,682.33,686.52,678.73,686.4,2215400,1.038,628.08,546.14,0.0,0.0
2024-01-30 05:00:00,COST,685.34,694.94,683.22,693.05,1610500,0.9697,630.4,547.21,0.0,0.0
2024-01-31 05:00:00,COST,693.63,697.78,685.44,687.26,1928500,-0.8363,632.95,548.29,0.0,0.0
2024-02-01 05:00:00,COST,687.4,698.59,684.92,697.78,2039200,1.5306,635.75,549.4,1.02,0.0
2024-02-02 05:00:00,COST,696.65,707.48,695.58,702.73,2377400,0.7097,638.57,550.53,0.0,0.0
2024-02-05 05:00:00,COST,703.88,706.08,698.97,704.39,2276900,0.2368,641.36,551.66,0.0,0.0
2024-02-06 05:00:00,COST,704.46,705.94,697.64,704.03,1920200,-0.052,644.04,552.75,0.0,0.0
2024-02-07 05:00:00,COST,707.36,716.44,705.23,712.93,2145500,1.2648,646.86,553.89,0.0,0.0
2024-02-08 05:00:00,COST,717.0,721.24,713.8,717.27,1918500,0.6085,649.7,555.01,0.0,0.0
2024-02-09 05:00:00,COST,718.24,718.63,713.27,716.52,1426100,-0.1049,652.55,556.18,0.0,0.0
2024-02-12 05:00:00,COST,716.64,716.91,708.5,715.54,1572600,-0.1369,655.49,557.38,0.0,0.0
2024-02-13 05:00:00,COST,714.53,714.91,702.29,707.46,1951100,-1.1295,658.17,558.5,0.0,0.0
2024-02-14 05:00:00,COST,709.19,715.68,704.31,715.31,1472500,1.1103,660.95,559.66,0.0,0.0
2024-02-15 05:00:00,COST,714.63,719.12,711.45,717.62,1264100,0.3226,663.71,560.88,0.0,0.0
2024-02-16 05:00:00,COST,715.12,722.12,711.66,717.1,1764900,-0.0718,666.35,562.08,0.0,0.0
2024-02-20 05:00:00,COST,721.1,727.97,716.83,718.79,2407300,0.2348,668.97,563.32,0.0,0.0
2024-02-21 05:00:00,COST,718.79,721.86,713.42,716.14,1564200,-0.3679,671.48,564.54,0.0,0.0
2024-02-22 05:00:00,COST,718.94,729.05,718.94,727.41,1801600,1.5739,674.21,565.77,0.0,0.0
2024-02-23 05:00:00,COST,733.08,735.45,730.11,730.91,1265800,0.4807,676.77,567.02,0.0,0.0
2024-02-26 05:00:00,COST,734.94,739.68,731.97,738.26,1707000,1.0055,679.36,568.3,0.0,0.0
2024-02-27 05:00:00,COST,738.9,739.54,734.28,737.63,1471300,-0.0858,681.69,569.58,0.0,0.0
2024-02-28 05:00:00,COST,736.14,744.73,736.14,740.84,1365000,0.4364,684.31,570.87,0.0,0.0
2024-02-29 05:00:00,COST,744.27,745.4,735.92,736.81,3361200,-0.5441,686.3,572.13,0.0,0.0
2024-03-01 05:00:00,COST,733.4,744.23,732.22,742.31,1678100,0.7461,687.97,573.42,0.0,0.0
2024-03-04 05:00:00,COST,747.9,757.46,746.5,751.96,2133400,1.2996,689.91,574.79,0.0,0.0
2024-03-05 05:00:00,COST,761.11,761.95,749.7,752.72,2353400,0.1014,692.18,576.17,0.0,0.0
2024-03-06 05:00:00,COST,757.56,767.79,756.4,765.88,2400600,1.7488,694.63,577.6,0.0,0.0
2024-03-07 05:00:00,COST,771.7,779.59,769.62,778.12,4187900,1.5972,697.2,579.1,0.0,0.0
2024-03-08 05:00:00,COST,748.86,749.03,718.2,718.66,8590200,-7.6414,698.53,580.32,0.0,0.0
2024-03-11 04:00:00,COST,712.96,713.15,704.25,707.29,3762500,-1.5822,699.48,581.52,0.0,0.0
2024-03-12 04:00:00,COST,710.26,733.01,710.09,729.87,3727400,3.1929,700.96,582.85,0.0,0.0
2024-03-13 04:00:00,COST,728.01,729.49,719.67,727.22,2270300,-0.3637,702.45,584.14,0.0,0.0
2024-03-14 04:00:00,COST,731.31,733.63,722.05,724.99,1826100,-0.3065,704.08,585.32,0.0,0.0
2024-03-15 04:00:00,COST,725.55,725.55,716.34,718.73,3390700,-0.8634,705.7,586.46,0.0,0.0
2024-03-18 04:00:00,COST,719.19,726.36,719.11,724.58,1595200,0.8145,707.37,587.62,0.0,0.0
2024-03-19 04:00:00,COST,724.83,728.35,723.08,725.2,1322700,0.0861,708.9,588.78,0.0,0.0
2024-03-20 04:00:00,COST,724.05,735.03,722.19,733.67,1398700,1.1678,710.48,589.98,0.0,0.0
2024-03-21 04:00:00,COST,736.43,745.15,734.05,735.5,2106900,0.2484,711.99,591.16,0.0,0.0
2024-03-22 04:00:00,COST,737.35,737.7,727.39,727.81,1794100,-1.045,713.24,592.31,0.0,0.0
2024-03-25 04:00:00,COST,724.05,727.18,719.83,724.01,1604700,-0.5226,714.4,593.47,0.0,0.0
2024-03-26 04:00:00,COST,724.05,727.71,723.27,724.03,1353500,0.0027,715.37,594.58,0.0,0.0
2024-03-27 04:00:00,COST,727.02,728.89,720.83,725.12,1246700,0.1505,716.39,595.72,0.0,0.0
2024-03-28 04:00:00,COST,726.87,727.91,721.39,725.66,1713300,0.0751,717.37,596.84,0.0,0.0
2024-04-01 04:00:00,COST,724.8,726.29,713.35,714.38,1600700,-1.5547,718.06,597.89,0.0,0.0
2024-04-02 04:00:00,COST,713.15,713.15,701.66,704.53,2326700,-1.3782,718.4,598.88,0.0,0.0
2024-04-03 04:00:00,COST,703.23,704.05,690.64,698.98,3205500,-0.7887,718.68,599.82,0.0,0.0
2024-04-04 04:00:00,COST,702.03,710.31,697.52,698.17,2252400,-0.1148,719.05,600.79,0.0,0.0
2024-04-05 04:00:00,COST,699.32,710.07,699.3,706.93,1552900,1.2541,719.61,601.82,0.0,0.0
2024-04-08 04:00:00,COST,706.72,709.33,704.11,705.04,1459000,-0.2676,720.26,602.84,0.0,0.0
2024-04-09 04:00:00,COST,709.43,712.21,700.25,711.75,1386400,0.9525,720.91,603.88,0.0,0.0
2024-04-10 04:00:00,COST,704.24,717.09,702.21,715.71,1832000,0.5552,721.49,604.93,0.0,0.0
2024-04-11 04:00:00,COST,724.54,726.81,717.26,725.38,2107800,1.3521,722.14,606.04,0.0,0.0
2024-04-12 04:00:00,COST,721.07,725.93,719.63,724.35,1481800,-0.142,722.88,607.1,0.0,0.0
2024-04-15 04:00:00,COST,728.43,733.95,711.12,711.45,1808000,-1.7817,723.15,608.09,0.0,0.0
2024-04-16 04:00:00,COST,711.47,715.63,705.36,709.16,1412300,-0.3216,723.28,609.08,0.0,0.0
2024-04-17 04:00:00,COST,716.12,716.91,704.24,708.39,1376700,-0.1089,723.36,610.03,0.0,0.0
2024-04-18 04:00:00,COST,708.39,712.11,702.82,704.48,1846400,-0.5509,723.37,610.94,0.0,0.0
2024-04-19 04:00:00,COST,706.25,708.07,695.32,702.76,2190400,-0.2446,723.17,611.85,0.0,0.0
2024-04-22 04:00:00,COST,708.06,711.43,699.45,708.65,1437100,0.8386,723.0,612.8,0.0,0.0
2024-04-23 04:00:00,COST,712.19,717.38,709.49,715.8,1176200,1.0091,722.98,613.85,0.0,0.0
2024-04-24 04:00:00,COST,712.86,718.53,709.28,717.0,1206600,0.1674,723.01,614.9,0.0,0.0
2024-04-25 04:00:00,COST,721.53,721.53,708.75,716.14,1613600,-0.1204,723.18,615.93,1.16,0.0
2024-04-26 04:00:00,COST,709.33,725.16,709.33,723.4,1524400,1.014,723.35,616.95,0.0,0.0
2024-04-29 04:00:00,COST,723.75,726.45,714.51,720.57,1526900,-0.3908,723.4,617.96,0.0,0.0
2024-04-30 04:00:00,COST,719.76,719.76,711.42,717.17,1734800,-0.4722,723.41,618.92,0.0,0.0
2024-05-01 04:00:00,COST,716.55,724.08,709.65,716.5,1609100,-0.0941,723.36,619.83,0.0,0.0
2024-05-02 04:00:00,COST,719.01,728.58,714.92,726.64,1826900,1.4151,723.57,620.8,0.0,0.0
2024-05-03 04:00:00,COST,728.46,741.57,727.54,738.01,2323300,1.5646,723.78,621.82,0.0,0.0
2024-05-06 04:00:00,COST,743.65,750.94,740.57,750.46,1773300,1.687,724.17,622.89,0.0,0.0
2024-05-07 04:00:00,COST,752.68,766.12,749.58,765.2,1897800,1.9645,724.71,624.03,0.0,0.0
2024-05-08 04:00:00,COST,763.9,767.26,756.67,757.36,1511900,-1.0242,725.11,625.1,0.0,0.0
2024-05-09 04:00:00,COST,757.75,773.53,757.56,772.87,1716200,2.0474,725.75,626.24,0.0,0.0
2024-05-10 04:00:00,COST,772.87,781.21,771.99,780.95,1652700,1.0462,726.63,627.42,0.0,0.0
2024-05-13 04:00:00,COST,781.76,783.22,767.45,769.01,1596800,-1.5295,727.16,628.56,0.0,0.0
2024-05-14 04:00:00,COST,768.79,774.62,765.32,771.74,1327700,0.3548,727.56,629.7,0.0,0.0
2024-05-15 04:00:00,COST,772.35,783.4,772.35,780.8,1661700,1.175,728.12,630.91,0.0,0.0
2024-05-16 04:00:00,COST,785.54,798.19,781.59,786.79,2000000,0.7662,728.54,632.16,0.0,0.0
2024-05-17 04:00:00,COST,787.32,791.28,784.35,789.5,1309100,0.3455,728.77,633.45,0.0,0.0
2024-05-20 04:00:00,COST,788.95,796.62,786.11,786.72,1347100,-0.3531,730.13,634.7,0.0,0.0
2024-05-21 04:00:00,COST,789.27,795.09,785.72,794.58,1375700,1.0,731.87,636.01,0.0,0.0
2024-05-22 04:00:00,COST,793.7,799.96,791.69,795.51,1192800,0.1161,733.19,637.3,0.0,0.0
2024-05-23 04:00:00,COST,797.93,801.65,789.13,790.03,1519200,-0.6884,734.44,638.57,0.0,0.0
2024-05-24 04:00:00,COST,794.29,810.4,792.76,803.31,1623000,1.6814,736.01,639.89,0.0,0.0
2024-05-28 04:00:00,COST,803.32,808.83,798.34,806.73,1986300,0.4248,737.77,641.22,0.0,0.0
2024-05-29 04:00:00,COST,800.63,806.99,799.9,800.13,2282800,-0.8178,739.28,642.51,0.0,0.0
2024-05-30 04:00:00,COST,803.78,813.01,801.9,808.88,2277800,1.0936,740.95,643.85,0.0,0.0
2024-05-31 04:00:00,COST,802.62,805.31,781.95,803.47,4360700,-0.6685,742.35,645.17,0.0,0.0
2024-06-03 04:00:00,COST,804.57,821.35,800.73,808.93,2008700,0.6791,743.82,646.53,0.0,0.0
2024-06-04 04:00:00,COST,808.52,821.45,806.6,820.83,1754500,1.4717,745.68,647.99,0.0,0.0
2024-06-05 04:00:00,COST,824.33,827.78,815.17,827.69,2080000,0.8352,747.75,649.51,0.0,0.0
2024-06-06 04:00:00,COST,828.8,842.36,827.71,835.96,1735000,0.9996,749.99,651.07,0.0,0.0
2024-06-07 04:00:00,COST,839.97,843.64,835.62,838.88,1593600,0.3489,752.27,652.67,0.0,0.0
2024-06-10 04:00:00,COST,840.47,842.75,836.06,841.62,1401600,0.3264,754.59,654.27,0.0,0.0
2024-06-11 04:00:00,COST,842.51,844.2,833.6,842.58,1690500,0.1143,757.15,655.92,0.0,0.0
2024-06-12 04:00:00,COST,845.56,848.96,836.93,841.09,1838300,-0.1766,759.88,657.55,0.0,0.0
2024-06-13 04:00:00,COST,841.09,841.09,830.91,839.26,1322400,-0.2182,762.69,659.16,0.0,0.0
2024-06-14 04:00:00,COST,836.74,849.4,835.24,848.89,1395500,1.1478,765.7,660.78,0.0,0.0
2024-06-17 04:00:00,COST,847.72,863.66,846.61,861.03,1904900,1.4304,768.78,662.47,0.0,0.0
2024-06-18 04:00:00,COST,861.12,867.04,860.82,863.85,1763800,0.3272,771.96,664.14,0.0,0.0
2024-06-20 04:00:00,COST,864.41,866.93,853.74,855.61,1944600,-0.9544,774.84,665.79,0.0,0.0
2024-06-21 04:00:00,COST,859.77,860.1,840.93,841.59,3833100,-1.6384,777.35,667.37,0.0,0.0
2024-06-24 04:00:00,COST,843.27,843.89,834.84,841.44,1722900,-0.0177,779.68,668.94,0.0,0.0
2024-06-25 04:00:00,COST,842.59,848.91,838.3,848.73,1564200,0.8666,782.16,670.53,0.0,0.0
2024-06-26 04:00:00,COST,845.96,852.93,843.32,850.05,1505300,0.1555,784.93,672.12,0.0,0.0
2024-06-27 04:00:00,COST,850.91,851.53,841.92,843.88,1254900,-0.7259,787.63,673.65,0.0,0.0
2024-06-28 04:00:00,COST,844.51,850.45,840.1,843.26,2131700,-0.0741,790.33,675.17,0.0,0.0
2024-07-01 04:00:00,COST,846.74,849.22,833.84,838.97,1989000,-0.5082,793.02,676.66,0.0,0.0
2024-07-02 04:00:00,COST,838.99,853.54,836.4,852.55,1377900,1.6188,796.01,678.2,0.0,0.0
2024-07-03 04:00:00,COST,848.23,856.68,848.23,855.82,814400,0.384,798.96,679.79,0.0,0.0
2024-07-05 04:00:00,COST,857.71,879.91,851.92,878.65,2620700,2.6673,802.21,681.47,0.0,0.0
2024-07-08 04:00:00,COST,879.76,880.91,870.71,873.86,1611300,-0.5454,805.35,683.11,0.0,0.0
2024-07-09 04:00:00,COST,876.85,889.57,875.97,879.82,1356800,0.6823,808.62,684.79,0.0,0.0
2024-07-10 04:00:00,COST,880.37,883.22,873.72,877.3,1755800,-0.2864,811.7,686.5,0.0,0.0
2024-07-11 04:00:00,COST,883.7,883.7,839.81,839.88,6021100,-4.2655,814.09,688.0,0.0,0.0
2024-07-12 04:00:00,COST,843.16,843.26,831.74,836.22,3288400,-0.4359,816.47,689.49,0.0,0.0
2024-07-15 04:00:00,COST,840.15,851.1,837.98,842.01,2064000,0.6917,818.98,691.03,0.0,0.0
2024-07-16 04:00:00,COST,841.08,844.5,834.67,844.03,1687600,0.2404,821.33,692.53,0.0,0.0
2024-07-17 04:00:00,COST,841.29,843.22,835.97,839.57,1783100,-0.5278,823.36,693.98,0.0,0.0
2024-07-18 04:00:00,COST,842.7,848.52,818.57,832.72,2338500,-0.8165,825.0,695.42,0.0,0.0
2024-07-19 04:00:00,COST,829.88,842.15,828.94,831.49,1984400,-0.1477,826.33,696.82,0.0,0.0
2024-07-22 04:00:00,COST,839.05,842.86,831.96,840.71,1920200,1.1084,828.0,698.29,0.0,0.0
2024-07-23 04:00:00,COST,842.17,847.81,838.88,845.36,1744100,0.5534,829.45,699.76,0.0,0.0
2024-07-24 04:00:00,COST,837.91,839.3,822.93,824.24,2511300,-2.4985,830.31,701.13,0.0,0.0
2024-07-25 04:00:00,COST,829.17,830.02,807.83,809.48,2183700,-1.7898,831.12,702.49,0.0,0.0
2024-07-26 04:00:00,COST,812.67,816.93,803.74,812.28,1441500,0.3449,831.93,703.85,1.16,0.0
2024-07-29 04:00:00,COST,817.2,818.38,808.79,810.25,1320400,-0.2495,832.52,705.19,0.0,0.0
2024-07-30 04:00:00,COST,812.67,816.65,798.05,804.76,2017200,-0.6781,832.88,706.49,0.0,0.0
2024-07-31 04:00:00,COST,815.08,820.11,805.99,816.65,2135000,1.4777,833.42,707.85,0.0,0.0
2024-08-01 04:00:00,COST,813.22,818.8,804.41,811.57,1861400,-0.6216,833.92,709.17,0.0,0.0
2024-08-02 04:00:00,COST,810.89,824.88,799.77,816.73,2598500,0.6353,834.36,710.49,0.0,0.0
2024-08-05 04:00:00,COST,792.8,805.54,787.84,796.61,2820900,-2.4633,834.39,711.7,0.0,0.0
2024-08-06 04:00:00,COST,799.82,827.67,799.82,811.56,2476300,1.8769,834.82,712.99,0.0,0.0
2024-08-07 04:00:00,COST,818.74,828.4,803.99,805.02,1702000,-0.8055,834.85,714.28,0.0,0.0
2024-08-08 04:00:00,COST,816.15,837.27,815.11,833.96,2345000,3.595,835.39,715.79,0.0,0.0
2024-08-09 04:00:00,COST,833.04,852.18,832.18,849.36,1710600,1.8465,836.38,717.37,0.0,0.0
2024-08-12 04:00:00,COST,851.67,864.58,846.85,857.95,1748200,1.0106,837.36,718.99,0.0,0.0
2024-08-13 04:00:00,COST,859.29,862.4,850.59,859.19,1484100,0.1447,838.47,720.63,0.0,0.0
2024-08-14 04:00:00,COST,859.24,861.09,852.91,857.09,1341500,-0.244,839.44,722.28,0.0,0.0
2024-08-15 04:00:00,COST,867.19,874.6,863.34,871.64,1923800,1.697,840.45,724.01,0.0,0.0
2024-08-16 04:00:00,COST,871.64,871.64,862.96,864.92,1516300,-0.7705,841.2,725.66,0.0,0.0
2024-08-19 04:00:00,COST,864.92,867.94,863.04,866.67,1318400,0.2022,841.81,727.33,0.0,0.0
2024-08-20 04:00:00,COST,866.32,871.05,865.5,870.49,1104600,0.4413,842.45,728.99,0.0,0.0
2024-08-21 04:00:00,COST,875.01,885.32,871.51,875.68,1465500,0.5958,843.13,730.68,0.0,0.0
2024-08-22 04:00:00,COST,876.56,878.24,867.49,871.85,1440900,-0.4379,843.71,732.33,0.0,0.0
2024-08-23 04:00:00,COST,876.74,878.8,865.99,873.49,1305800,0.188,844.36,733.94,0.0,0.0
2024-08-26 04:00:00,COST,877.42,887.43,875.7,886.7,1737000,1.5127,845.31,735.61,0.0,0.0
2024-08-27 04:00:00,COST,886.88,912.95,881.29,902.98,2098900,1.8364,846.39,737.39,0.0,0.0
2024-08-28 04:00:00,COST,905.03,906.28,875.92,882.27,1668400,-2.294,846.82,739.07,0.0,0.0
2024-08-29 04:00:00,COST,885.2,894.6,879.41,880.86,1709900,-0.1599,847.16,740.69,0.0,0.0
2024-08-30 04:00:00,COST,884.7,890.49,877.35,886.57,1933500,0.6485,847.77,742.32,0.0,0.0
2024-09-03 04:00:00,COST,890.84,891.05,868.75,872.85,1784200,-1.5475,848.4,743.83,0.0,0.0
2024-09-04 04:00:00,COST,871.74,885.95,870.88,884.22,1425200,1.3033,849.26,745.37,0.0,0.0
2024-09-05 04:00:00,COST,882.84,882.84,863.04,880.21,1998800,-0.4539,849.89,746.97,0.0,0.0
2024-09-06 04:00:00,COST,885.46,887.38,865.33,870.97,2074600,-1.0497,850.3,748.53,0.0,0.0
2024-09-09 04:00:00,COST,878.98,892.98,875.96,890.65,1954000,2.2597,851.24,750.18,0.0,0.0
2024-09-10 04:00:00,COST,886.79,894.83,881.74,888.47,1360800,-0.2454,852.14,751.8,0.0,0.0
2024-09-11 04:00:00,COST,889.17,896.13,872.15,894.54,1796100,0.6832,853.25,753.42,0.0,0.0
2024-09-12 04:00:00,COST,894.56,909.74,890.67,909.07,1867300,1.6248,854.38,755.11,0.0,0.0
2024-09-13 04:00:00,COST,907.68,917.81,903.44,910.04,1327500,0.106,855.47,756.78,0.0,0.0
2024-09-16 04:00:00,COST,916.0,916.62,899.46,901.96,1661000,-0.8876,855.94,758.42,0.0,0.0
2024-09-17 04:00:00,COST,902.52,902.68,889.62,891.43,1387000,-1.1676,856.29,760.03,0.0,0.0
2024-09-18 04:00:00,COST,894.08,899.09,885.15,886.71,1338200,-0.5294,856.42,761.6,0.0,0.0
2024-09-19 04:00:00,COST,898.37,899.24,889.67,894.88,1747500,0.921,856.78,763.19,0.0,0.0
2024-09-20 04:00:00,COST,895.7,901.9,889.87,901.07,4658200,0.6928,858.0,764.8,0.0,0.0
2024-09-23 04:00:00,COST,901.07,913.51,894.91,911.11,1697600,1.1136,859.5,766.43,0.0,0.0
2024-09-24 04:00:00,COST,906.07,906.83,891.69,895.67,2432600,-1.6945,860.57,767.97,0.0,0.0
2024-09-25 04:00:00,COST,897.12,904.43,895.26,902.51,1728100,0.7631,861.74,769.53,0.0,0.0
2024-09-26 04:00:00,COST,899.41,903.32,892.28,895.57,2738600,-0.7684,862.86,771.05,0.0,0.0
2024-09-27 04:00:00,COST,887.44,887.67,868.31,879.85,3459100,-1.755,863.8,772.44,0.0,0.0
2024-09-30 04:00:00,COST,885.57,904.07,875.67,880.75,2142900,0.1016,864.79,773.8,0.0,0.0
2024-10-01 04:00:00,COST,879.49,881.21,867.07,871.67,1836700,-1.031,865.41,775.05,0.0,0.0
2024-10-02 04:00:00,COST,868.96,875.49,861.51,872.81,1317100,0.1311,865.96,776.36,0.0,0.0
2024-10-03 04:00:00,COST,868.75,875.44,866.99,869.97,1451900,-0.3255,866.87,777.53,0.0,0.0
2024-10-04 04:00:00,COST,872.27,878.53,869.97,877.36,1516400,0.8496,868.23,778.62,0.0,0.0
2024-10-07 04:00:00,COST,875.86,881.93,866.65,867.9,1963200,-1.078,869.34,779.68,0.0,0.0
2024-10-08 04:00:00,COST,870.99,885.51,870.99,884.62,1697900,1.9265,870.83,780.91,0.0,0.0
2024-10-09 04:00:00,COST,886.43,904.07,882.09,903.18,1956500,2.0979,872.8,782.21,0.0,0.0
2024-10-10 04:00:00,COST,904.07,904.07,886.03,887.81,1765800,-1.7017,874.22,783.4,0.0,0.0
2024-10-11 04:00:00,COST,888.68,888.68,879.73,883.24,1527300,-0.5148,875.65,784.56,0.0,0.0
2024-10-14 04:00:00,COST,886.64,889.34,880.49,883.97,1431500,0.0821,877.0,785.68,0.0,0.0
2024-10-15 04:00:00,COST,886.28,894.79,883.76,888.79,1613900,0.5451,878.84,786.84,0.0,0.0
2024-10-16 04:00:00,COST,884.13,885.53,873.77,881.6,1475500,-0.8082,880.24,787.99,0.0,0.0
2024-10-17 04:00:00,COST,885.75,889.5,877.05,879.53,1321500,-0.2355,881.73,789.17,0.0,0.0
2024-10-18 04:00:00,COST,879.99,884.81,878.0,883.77,1654000,0.4823,882.73,790.4,0.0,0.0
2024-10-21 04:00:00,COST,883.21,885.6,877.95,881.0,1184900,-0.3136,883.36,791.6,0.0,0.0
2024-10-22 04:00:00,COST,885.18,889.06,878.55,887.67,1189700,0.7578,883.96,792.79,0.0,0.0
2024-10-23 04:00:00,COST,890.19,899.78,889.16,893.32,2193500,0.6357,884.64,793.99,0.0,0.0
2024-10-24 04:00:00,COST,895.63,897.62,882.48,887.6,1649600,-0.6395,885.25,795.13,0.0,0.0
2024-10-25 04:00:00,COST,889.82,895.75,884.21,885.42,1425800,-0.2463,885.52,796.23,0.0,0.0
2024-10-28 04:00:00,COST,890.16,890.16,884.21,885.16,912500,-0.0292,885.93,797.32,0.0,0.0
2024-10-29 04:00:00,COST,884.21,885.37,868.4,881.21,1361700,-0.4456,886.22,798.35,0.0,0.0
2024-10-30 04:00:00,COST,880.61,880.8,871.66,873.37,1412200,-0.8907,886.28,799.34,0.0,0.0
2024-10-31 04:00:00,COST,871.49,871.94,862.99,868.49,1771900,-0.5585,886.13,800.3,0.0,0.0
2024-11-01 04:00:00,COST,869.73,874.84,862.84,872.76,1625200,0.4914,886.15,801.27,1.16,0.0
2024-11-04 05:00:00,COST,876.76,882.4,872.18,881.47,1576700,0.9985,886.31,802.24,0.0,0.0
2024-11-05 05:00:00,COST,883.39,890.93,882.2,885.55,1622300,0.4627,886.29,803.24,0.0,0.0
2024-11-06 05:00:00,COST,893.62,895.23,881.68,894.58,2437400,1.02,886.12,804.31,0.0,0.0
2024-11-07 05:00:00,COST,893.96,914.71,889.73,909.19,2145500,1.6325,886.66,805.47,0.0,0.0
2024-11-08 05:00:00,COST,909.26,957.01,909.01,938.9,3277100,3.2683,887.82,806.8,0.0,0.0
2024-11-11 05:00:00,COST,938.9,946.34,926.6,928.04,2181800,-1.157,888.65,808.04,0.0,0.0
2024-11-12 05:00:00,COST,931.09,934.68,922.19,927.54,1691400,-0.0536,889.74,809.25,0.0,0.0
2024-11-13 05:00:00,COST,925.17,932.72,918.41,928.88,1757600,0.1448,890.64,810.43,0.0,0.0
2024-11-14 05:00:00,COST,922.19,926.32,917.38,919.09,1859900,-1.0538,891.41,811.59,0.0,0.0
2024-11-15 05:00:00,COST,912.98,915.77,900.86,902.36,2269900,-1.8206,892.04,812.61,0.0,0.0
2024-11-18 05:00:00,COST,905.91,921.13,902.4,914.74,1797300,1.3714,892.52,813.67,0.0,0.0
2024-11-19 05:00:00,COST,923.18,929.15,911.6,925.32,1690500,1.1571,893.26,814.77,0.0,0.0
2024-11-20 05:00:00,COST,920.28,923.98,911.74,923.26,1452100,-0.2225,893.83,815.87,0.0,0.0
2024-11-21 05:00:00,COST,930.15,953.51,925.17,950.69,2320500,2.9706,894.67,817.06,0.0,0.0
2024-11-22 05:00:00,COST,957.74,971.23,953.54,959.01,2078700,0.8748,895.65,818.27,0.0,0.0
2024-11-25 05:00:00,COST,969.94,969.94,944.76,955.9,3240900,-0.3236,896.73,819.46,0.0,0.0
2024-11-26 05:00:00,COST,959.0,969.31,955.9,966.46,1438000,1.1042,898.23,820.72,0.0,0.0
2024-11-27 05:00:00,COST,966.42,967.24,953.61,956.56,1499500,-1.0242,899.62,821.96,0.0,0.0
2024-11-29 05:00:00,COST,963.06,968.22,957.47,966.83,1095900,1.0743,901.06,823.22,0.0,0.0
2024-12-02 05:00:00,COST,966.32,971.43,959.75,969.94,1955800,0.321,902.44,824.48,0.0,0.0
2024-12-03 05:00:00,COST,969.63,977.9,965.72,977.05,1653900,0.7333,903.76,825.78,0.0,0.0
2024-12-04 05:00:00,COST,976.9,986.0,972.48,985.78,1784700,0.8929,905.56,827.12,0.0,0.0
2024-12-05 05:00:00,COST,981.54,984.99,973.12,977.16,2089400,-0.8739,907.05,828.42,0.0,0.0
2024-12-06 05:00:00,COST,977.16,992.53,977.16,987.46,1737300,1.0537,908.89,829.72,0.0,0.0
2024-12-09 05:00:00,COST,991.83,991.83,975.41,982.73,1855500,-0.4785,910.95,830.98,0.0,0.0
2024-12-10 05:00:00,COST,984.59,989.82,980.76,988.24,1556800,0.5608,913.1,832.23,0.0,0.0
2024-12-11 05:00:00,COST,989.83,1002.57,988.43,989.53,1903600,0.1299,915.46,833.49,0.0,0.0
2024-12-12 05:00:00,COST,996.48,997.27,982.09,983.26,2344300,-0.6334,917.66,834.7,0.0,0.0
2024-12-13 05:00:00,COST,975.91,1001.45,960.72,984.21,2951900,0.0971,919.95,835.94,0.0,0.0
2024-12-16 05:00:00,COST,983.92,1003.02,981.25,987.72,2581300,0.3558,922.16,837.17,0.0,0.0
2024-12-17 05:00:00,COST,988.84,991.74,975.67,976.98,2050200,-1.0868,924.34,838.29,0.0,0.0
2024-12-18 05:00:00,COST,976.9,980.48,959.0,959.73,2725300,-1.7656,925.84,839.33,0.0,0.0
2024-12-19 05:00:00,COST,969.45,969.58,948.56,949.84,2610800,-1.0303,926.77,840.25,0.0,0.0
2024-12-20 05:00:00,COST,944.46,956.95,938.15,949.12,5373800,-0.0765,928.0,841.1,0.0,0.0
2024-12-23 05:00:00,COST,948.93,949.31,932.14,944.98,1856800,-0.436,929.23,842.23,0.0,0.0
2024-12-24 05:00:00,COST,945.8,954.4,940.54,953.84,939000,0.938,930.63,843.47,0.0,0.0
2024-12-26 05:00:00,COST,951.85,954.43,949.05,951.18,969000,-0.2795,931.88,844.57,0.0,0.0
2024-12-27 05:00:00,COST,943.8,945.52,927.16,934.82,1943400,-1.7194,932.94,845.61,0.0,0.0
2024-12-30 05:00:00,COST,926.17,929.32,910.75,917.42,1881200,-1.8612,933.7,846.57,0.0,0.0
2024-12-31 05:00:00,COST,918.86,919.94,907.8,911.51,1742900,-0.6441,934.26,847.54,0.0,0.0
2025-01-02 05:00:00,COST,910.25,920.96,897.32,905.09,1765100,-0.705,934.74,848.44,0.0,0.0
2025-01-03 05:00:00,COST,909.58,919.41,906.27,911.82,1612200,0.7441,935.22,849.37,0.0,0.0
2025-01-06 05:00:00,COST,913.21,922.6,908.53,917.92,1970400,0.6688,935.71,850.29,0.0,0.0
2025-01-07 05:00:00,COST,919.04,926.48,911.67,916.59,1888000,-0.1452,936.29,851.2,0.0,0.0
2025-01-08 05:00:00,COST,918.19,925.67,910.67,922.56,1774800,0.6512,937.04,852.17,0.0,0.0
2025-01-10 05:00:00,COST,928.51,939.38,918.71,932.08,2765800,1.032,937.98,853.21,0.0,0.0
2025-01-13 05:00:00,COST,929.15,930.14,916.22,919.9,1693800,-1.3064,938.75,854.19,0.0,0.0
2025-01-14 05:00:00,COST,919.5,922.94,905.2,912.47,1683800,-0.8078,939.53,855.13,0.0,0.0
2025-01-15 05:00:00,COST,922.45,928.03,913.53,918.71,1839400,0.6836,940.54,856.1,0.0,0.0
2025-01-16 05:00:00,COST,919.93,922.59,913.06,914.98,1353000,-0.4061,941.38,857.1,0.0,0.0
2025-01-17 05:00:00,COST,925.17,938.9,919.77,938.29,2375000,2.5485,942.52,858.27,0.0,0.0
2025-01-21 05:00:00,COST,940.34,951.58,938.6,942.81,2042400,0.4813,943.66,859.49,0.0,0.0
2025-01-22 05:00:00,COST,946.29,947.0,934.36,939.8,2155000,-0.3197,944.57,860.69,0.0,0.0
2025-01-23 05:00:00,COST,936.8,938.49,931.63,937.27,1352400,-0.2689,945.13,861.85,0.0,0.0
2025-01-24 05:00:00,COST,937.27,941.13,928.71,934.8,1562400,-0.2632,945.05,862.99,0.0,0.0
2025-01-27 05:00:00,COST,925.17,961.97,922.37,960.24,3044700,2.7211,945.69,864.24,0.0,0.0
2025-01-28 05:00:00,COST,956.84,960.7,949.12,953.69,2166400,-0.6817,946.21,865.43,0.0,0.0
2025-01-29 05:00:00,COST,952.83,963.23,950.04,959.02,1713700,0.5581,946.81,866.6,0.0,0.0
2025-01-30 05:00:00,COST,965.26,981.63,965.06,973.93,1788200,1.5549,947.91,867.84,0.0,0.0
2025-01-31 05:00:00,COST,971.17,985.86,970.71,974.79,1873800,0.0889,949.36,869.16,0.0,0.0
2025-02-03 05:00:00,COST,967.34,1004.37,963.91,1000.61,2751000,2.6483,951.08,870.62,0.0,0.0
2025-02-04 05:00:00,COST,1000.18,1019.03,994.46,1016.56,2001600,1.5937,952.9,872.16,0.0,0.0
2025-02-05 05:00:00,COST,1014.71,1037.68,1014.71,1037.47,2047600,2.057,955.19,873.82,0.0,0.0
2025-02-06 05:00:00,COST,1044.55,1057.48,1038.78,1045.53,2218000,0.7777,957.08,875.54,0.0,0.0
2025-02-07 05:00:00,COST,1042.72,1052.39,1031.27,1039.54,1632900,-0.5734,958.69,877.19,1.16,0.0
2025-02-10 05:00:00,COST,1047.7,1058.65,1041.72,1057.57,2036900,1.735,960.73,878.9,0.0,0.0
2025-02-11 05:00:00,COST,1055.57,1061.64,1044.75,1054.01,1748500,-0.3371,962.48,880.59,0.0,0.0
2025-02-12 05:00:00,COST,1049.84,1062.63,1046.7,1060.76,1662300,0.6406,964.56,882.31,0.0,0.0
2025-02-13 05:00:00,COST,1062.64,1073.82,1060.29,1072.45,1623300,1.1022,966.68,884.05,0.0,0.0
2025-02-14 05:00:00,COST,1072.08,1073.08,1063.64,1067.46,1410700,-0.4652,968.63,885.79,0.0,0.0
2025-02-18 05:00:00,COST,1064.83,1066.62,1040.96,1051.71,2090600,-1.4759,970.12,887.46,0.0,0.0
2025-02-19 05:00:00,COST,1051.74,1058.83,1048.69,1058.19,1349600,0.6165,971.57,889.17,0.0,0.0
2025-02-20 05:00:00,COST,1049.33,1049.33,1029.62,1030.6,2000500,-2.6079,972.64,890.69,0.0,0.0
2025-02-21 05:00:00,COST,1030.38,1031.97,1020.49,1030.79,1816300,0.0193,973.5,892.15,0.0,0.0
2025-02-24 05:00:00,COST,1024.33,1033.94,1021.02,1031.36,1759700,0.0551,974.48,893.56,0.0,0.0
2025-02-25 05:00:00,COST,1036.47,1052.69,1033.21,1051.34,2083800,1.937,975.74,894.99,0.0,0.0
2025-02-26 05:00:00,COST,1045.84,1054.56,1025.96,1027.75,1555700,-2.2441,976.5,896.34,0.0,0.0
2025-02-27 05:00:00,COST,1029.77,1038.26,1014.66,1017.53,1629100,-0.9942,977.19,897.56,0.0,0.0
2025-02-28 05:00:00,COST,1026.39,1045.09,1019.8,1044.32,3307100,2.6328,978.39,898.88,0.0,0.0
2025-03-03 05:00:00,COST,1047.44,1061.64,1036.88,1042.57,2422500,-0.1678,979.49,900.25,0.0,0.0
2025-03-04 05:00:00,COST,1041.45,1043.64,1024.52,1032.63,2536800,-0.9533,980.6,901.55,0.0,0.0
2025-03-05 05:00:00,COST,1028.85,1046.68,1024.29,1043.46,1898600,1.0493,982.27,902.87,0.0,0.0
2025-03-06 05:00:00,COST,1028.72,1041.61,1014.88,1022.42,2594600,-2.0167,983.72,904.04,0.0,0.0
2025-03-07 05:00:00,COST,991.08,998.32,938.92,960.36,5510700,-6.0694,983.95,904.9,0.0,0.0
2025-03-10 04:00:00,COST,951.56,955.73,920.25,930.59,4459900,-3.1007,983.66,905.62,0.0,0.0
2025-03-11 04:00:00,COST,927.19,934.16,917.43,926.68,3204900,-0.4195,983.12,906.28,0.0,0.0
2025-03-12 04:00:00,COST,934.16,940.52,919.47,923.29,2331600,-0.3665,982.56,906.92,0.0,0.0
2025-03-13 04:00:00,COST,918.23,919.72,883.84,886.98,3447200,-3.9328,981.6,907.4,0.0,0.0
2025-03-14 04:00:00,COST,888.16,903.24,877.95,900.22,3186400,1.4933,981.26,907.89,0.0,0.0
2025-03-17 04:00:00,COST,897.94,919.61,894.33,912.86,2256100,1.4039,981.29,908.42,0.0,0.0
2025-03-18 04:00:00,COST,909.26,913.81,893.17,894.38,2182000,-2.0248,981.07,908.89,0.0,0.0
2025-03-19 04:00:00,COST,899.17,906.44,892.33,900.35,1908500,0.6681,980.84,909.35,0.0,0.0
2025-03-20 04:00:00,COST,897.81,903.77,890.44,891.74,1891800,-0.9568,980.32,909.79,0.0,0.0
2025-03-21 04:00:00,COST,885.11,906.05,880.34,905.54,3447600,1.5479,980.1,910.27,0.0,0.0
2025-03-24 04:00:00,COST,916.24,924.85,916.24,922.25,2208100,1.8455,980.09,910.78,0.0,0.0
2025-03-25 04:00:00,COST,922.84,928.48,918.72,926.45,1623000,0.4557,979.98,911.27,0.0,0.0
2025-03-26 04:00:00,COST,930.51,935.58,919.67,925.95,1644700,-0.0548,980.1,911.72,0.0,0.0
2025-03-27 04:00:00,COST,925.76,939.04,924.2,934.91,1547000,0.968,980.55,912.2,0.0,0.0
2025-03-28 04:00:00,COST,933.66,934.91,922.21,925.86,2100500,-0.9683,980.69,912.62,0.0,0.0
2025-03-31 04:00:00,COST,918.59,990.93,918.27,941.91,3102000,1.734,981.23,913.12,0.0,0.0
2025-04-01 04:00:00,COST,938.56,953.8,934.91,950.49,2041500,0.9114,981.48,913.67,0.0,0.0
2025-04-02 04:00:00,COST,946.95,966.92,946.11,961.13,1719900,1.119,981.84,914.28,0.0,0.0
2025-04-03 04:00:00,COST,927.27,977.33,924.2,963.12,3096900,0.2072,982.31,914.85,0.0,0.0
2025-04-04 04:00:00,COST,951.09,960.57,910.4,912.73,5167000,-5.2322,981.82,915.1,0.0,0.0
2025-04-07 04:00:00,COST,884.12,933.98,868.14,904.41,4626600,-0.9111,981.21,915.31,0.0,0.0
2025-04-08 04:00:00,COST,928.24,939.13,895.89,905.03,3545400,0.0683,980.11,915.55,0.0,0.0
2025-04-09 04:00:00,COST,904.28,963.5,894.0,961.24,5084500,6.2107,980.26,916.15,0.0,0.0
2025-04-10 04:00:00,COST,962.55,989.35,939.03,960.36,4209100,-0.0912,980.28,916.75,0.0,0.0
2025-04-11 04:00:00,COST,960.02,966.24,939.3,959.47,2721800,-0.0933,979.99,917.3,0.0,0.0
2025-04-14 04:00:00,COST,966.03,983.09,961.05,975.31,2219900,1.6514,980.0,917.93,0.0,0.0
2025-04-15 04:00:00,COST,981.32,989.93,970.26,972.92,1788200,-0.2451,979.45,918.57,0.0,0.0
2025-04-16 04:00:00,COST,968.15,974.65,955.31,963.79,2531700,-0.9387,978.4,919.18,0.0,0.0
2025-04-17 04:00:00,COST,969.3,995.83,968.01,990.43,2711100,2.7641,977.46,919.93,0.0,0.0
2025-04-21 04:00:00,COST,988.94,992.91,939.11,953.85,2841300,-3.6933,975.62,920.44,0.0,0.0
2025-04-22 04:00:00,COST,965.78,983.41,962.82,975.22,2230600,2.2406,974.34,921.04,0.0,0.0
2025-04-23 04:00:00,COST,990.45,991.68,965.04,971.85,2109700,-0.3462,972.62,921.5,0.0,0.0
2025-04-24 04:00:00,COST,969.62,974.0,956.78,971.49,2468500,-0.0369,970.97,921.99,0.0,0.0
2025-04-25 04:00:00,COST,969.98,974.32,958.94,973.16,1780900,0.1722,969.22,922.46,0.0,0.0
2025-04-28 04:00:00,COST,974.5,981.27,964.82,974.54,1616200,0.1412,967.26,922.94,0.0,0.0
2025-04-29 04:00:00,COST,974.0,989.15,967.09,987.64,1523100,1.3449,965.66,923.68,0.0,0.0
2025-04-30 04:00:00,COST,985.95,993.68,972.55,990.43,2212400,0.2823,964.44,924.45,0.0,0.0
2025-05-01 04:00:00,COST,986.05,1002.26,980.97,994.95,1829900,0.4565,963.17,925.22,0.0,0.0
2025-05-02 04:00:00,COST,1005.01,1015.16,1001.8,1005.48,1547400,1.0584,962.67,926.03,1.3,0.0
2025-05-05 04:00:00,COST,1004.69,1014.94,999.7,1012.05,1952600,0.6536,962.3,926.89,0.0,0.0
2025-05-06 04:00:00,COST,1005.63,1013.39,1000.71,1007.68,1381200,-0.4326,961.82,927.76,0.0,0.0
2025-05-07 04:00:00,COST,1008.35,1011.27,998.67,1004.34,1316000,-0.3315,960.88,928.63,0.0,0.0
2025-05-08 04:00:00,COST,1010.67,1014.16,988.63,1004.89,1882600,0.0556,960.43,929.45,0.0,0.0
2025-05-09 04:00:00,COST,1001.8,1007.89,995.26,1005.27,1176700,0.0377,960.18,930.25,0.0,0.0
2025-05-12 04:00:00,COST,1006.97,1014.07,989.47,1013.31,2069000,0.7995,959.56,931.19,0.0,0.0
2025-05-13 04:00:00,COST,1010.89,1020.97,984.84,996.24,2917000,-1.6848,958.63,932.13,0.0,0.0
2025-05-14 04:00:00,COST,995.97,997.07,987.75,988.77,2215000,-0.7497,957.76,933.01,0.0,0.0
2025-05-15 04:00:00,COST,989.88,1011.17,980.25,1007.65,2470700,1.9092,957.04,934.0,0.0,0.0
2025-05-16 04:00:00,COST,1009.66,1025.39,1006.18,1022.96,2033700,1.5201,957.05,935.09,0.0,0.0
2025-05-19 04:00:00,COST,1015.75,1032.1,1010.06,1031.45,1879800,0.8296,958.47,936.16,0.0,0.0
2025-05-20 04:00:00,COST,1027.13,1035.1,1027.13,1033.92,2271200,0.2398,960.54,937.27,0.0,0.0
2025-05-21 04:00:00,COST,1028.06,1036.57,1020.94,1022.44,1438900,-1.1111,962.45,938.3,0.0,0.0
2025-05-22 04:00:00,COST,1024.85,1025.91,1011.29,1015.29,1660900,-0.6993,964.29,939.39,0.0,0.0
2025-05-23 04:00:00,COST,1009.17,1012.27,1004.19,1005.68,1413900,-0.9459,966.67,940.36,0.0,0.0
2025-05-27 04:00:00,COST,1012.16,1016.1,1008.11,1014.95,1868200,0.9212,968.96,941.41,0.0,0.0
2025-05-28 04:00:00,COST,1014.21,1021.76,1010.13,1010.31,1674700,-0.4569,970.91,942.3,0.0,0.0
2025-05-29 04:00:00,COST,1013.17,1014.7,1000.8,1005.92,2016700,-0.4343,973.14,943.08,0.0,0.0
2025-05-30 04:00:00,COST,999.5,1049.55,999.2,1037.27,5403800,3.1168,975.88,943.98,0.0,0.0
2025-06-02 04:00:00,COST,1031.38,1057.54,1031.38,1053.9,2148000,1.6026,979.12,944.95,0.0,0.0
2025-06-03 04:00:00,COST,1051.2,1064.1,1040.34,1052.64,1992900,-0.1192,982.07,945.93,0.0,0.0
2025-06-04 04:00:00,COST,1052.05,1054.87,1046.44,1048.75,1422100,-0.3695,984.6,946.81,0.0,0.0
2025-06-05 04:00:00,COST,1047.07,1048.11,1003.2,1007.99,3289400,-3.8871,986.23,947.53,0.0,0.0
2025-06-06 04:00:00,COST,1017.78,1017.78,1005.79,1012.1,1855400,0.4086,987.95,948.25,0.0,0.0
2025-06-09 04:00:00,COST,1009.59,1010.52,994.18,1003.37,1696700,-0.8631,989.32,948.92,0.0,0.0
2025-06-10 04:00:00,COST,1004.12,1008.68,994.93,1004.46,2255000,0.1083,990.89,949.56,0.0,0.0
2025-06-11 04:00:00,COST,999.64,1002.63,990.6,993.99,2459800,-1.0414,991.93,950.17,0.0,0.0
2025-06-12 04:00:00,COST,996.21,1000.45,992.58,999.91,1720100,0.5949,992.92,950.81,0.0,0.0
2025-06-13 04:00:00,COST,996.29,1000.79,985.91,987.44,1786000,-1.2466,993.45,951.31,0.0,0.0
2025-06-16 04:00:00,COST,989.56,999.05,978.7,981.61,2109300,-0.5908,993.82,951.7,0.0,0.0
2025-06-17 04:00:00,COST,980.25,983.34,973.47,974.99,1668200,-0.6746,995.06,952.17,0.0,0.0
2025-06-18 04:00:00,COST,977.26,979.9,971.35,972.18,1509600,-0.2884,996.42,952.62,0.0,0.0
2025-06-20 04:00:00,COST,981.24,985.9,971.18,977.55,3255700,0.5529,997.87,953.08,0.0,0.0
2025-06-23 04:00:00,COST,980.4,1002.06,978.52,1001.67,2082900,2.4676,998.68,953.72,0.0,0.0
2025-06-24 04:00:00,COST,1003.03,1003.03,989.3,999.12,2385100,-0.2549,999.45,954.3,0.0,0.0
2025-06-25 04:00:00,COST,1000.2,1002.17,983.24,983.78,1827700,-1.535,999.94,954.81,0.0,0.0
2025-06-26 04:00:00,COST,984.97,984.97,973.77,980.16,2262800,-0.368,1000.04,955.36,0.0,0.0
2025-06-27 04:00:00,COST,979.5,990.36,977.56,982.39,2129200,0.2269,1000.22,955.82,0.0,0.0
2025-06-30 04:00:00,COST,982.41,988.97,977.01,987.17,2127600,0.4872,1000.69,956.31,0.0,0.0
2025-07-01 04:00:00,COST,987.23,994.05,971.78,983.2,2200600,-0.402,1000.55,956.76,0.0,0.0
2025-07-02 04:00:00,COST,981.12,982.95,974.14,979.61,1606100,-0.3651,1001.06,957.11,0.0,0.0
2025-07-03 04:00:00,COST,979.66,984.91,974.6,984.26,1101400,0.4744,1001.24,957.48,0.0,0.0
2025-07-07 04:00:00,COST,982.25,990.12,973.47,989.41,1832600,0.5228,1001.59,957.92,0.0,0.0
2025-07-08 04:00:00,COST,986.74,993.09,981.18,983.09,1716200,-0.639,1001.83,958.38,0.0,0.0
2025-07-09 04:00:00,COST,985.63,985.63,969.56,979.35,2922600,-0.3804,1001.95,958.84,0.0,0.0
2025-07-10 04:00:00,COST,984.24,985.24,966.36,967.46,2897000,-1.2137,1001.81,959.2,0.0,0.0
2025-07-11 04:00:00,COST,970.57,976.24,963.0,967.62,1942000,0.0165,1001.41,959.53,0.0,0.0
2025-07-14 04:00:00,COST,968.39,978.75,966.91,978.17,1679300,1.0903,1001.16,959.87,0.0,0.0
2025-07-15 04:00:00,COST,976.51,977.51,963.96,964.98,1878000,-1.3487,1000.56,960.22,0.0,0.0
2025-07-16 04:00:00,COST,965.29,966.88,947.48,948.71,2950300,-1.6855,999.43,960.45,0.0,0.0
2025-07-17 04:00:00,COST,947.7,952.08,944.86,951.24,2280600,0.267,998.21,960.73,0.0,0.0
2025-07-18 04:00:00,COST,957.27,957.58,947.0,948.29,2115500,-0.3103,997.02,961.07,0.0,0.0
2025-07-21 04:00:00,COST,948.85,953.09,943.95,944.91,1742400,-0.3565,995.84,961.39,0.0,0.0
2025-07-22 04:00:00,COST,946.15,955.02,938.62,938.98,1799900,-0.6279,994.52,961.72,0.0,0.0
2025-07-23 04:00:00,COST,939.75,945.85,933.38,938.56,2401600,-0.0446,993.18,962.05,0.0,0.0
2025-07-24 04:00:00,COST,938.7,940.27,930.88,931.19,2057100,-0.7852,991.54,962.36,0.0,0.0
2025-07-25 04:00:00,COST,933.68,938.66,931.74,932.87,1827700,0.1799,990.27,962.64,0.0,0.0
2025-07-28 04:00:00,COST,932.89,937.61,928.29,931.38,2006300,-0.1593,989.13,962.95,0.0,0.0
2025-07-29 04:00:00,COST,931.38,939.16,924.79,931.96,2065900,0.0621,987.61,963.19,0.0,0.0
2025-07-30 04:00:00,COST,932.39,935.13,922.55,924.92,1699600,-0.7554,985.65,963.3,0.0,0.0
2025-07-31 04:00:00,COST,922.77,943.31,922.42,937.01,2564400,1.3078,983.76,963.55,0.0,0.0
2025-08-01 04:00:00,COST,938.17,955.37,938.17,951.17,2934500,1.5112,982.11,963.89,1.3,0.0
2025-08-04 04:00:00,COST,951.25,958.82,947.32,954.02,2389900,0.2992,980.74,964.24,0.0,0.0
2025-08-05 04:00:00,COST,949.99,950.16,934.36,942.3,2462300,-1.2288,979.28,964.5,0.0,0.0
2025-08-06 04:00:00,COST,942.3,969.18,941.33,967.19,2753000,2.6419,978.51,964.93,0.0,0.0
2025-08-07 04:00:00,COST,973.3,980.61,969.59,976.07,1893300,0.9179,977.73,965.41,0.0,0.0
2025-08-08 04:00:00,COST,975.77,986.8,975.62,979.59,2189700,0.3611,977.12,965.89,0.0,0.0
2025-08-11 04:00:00,COST,981.77,988.18,974.94,987.34,2290100,0.791,976.75,966.43,0.0,0.0
2025-08-12 04:00:00,COST,987.1,990.35,978.67,989.85,1588500,0.2539,975.8,966.94,0.0,0.0
2025-08-13 04:00:00,COST,982.57,985.01,968.73,977.47,2352600,-1.2509,974.27,967.36,0.0,0.0
2025-08-14 04:00:00,COST,979.21,986.89,973.8,974.01,1808700,-0.3535,972.7,967.79,0.0,0.0
2025-08-15 04:00:00,COST,977.76,978.62,965.85,970.67,1638300,-0.3435,971.13,968.22,0.0,0.0
2025-08-18 04:00:00,COST,971.92,979.89,968.63,977.97,2078500,0.752,970.53,968.68,0.0,0.0
2025-08-19 04:00:00,COST,977.24,987.13,975.41,979.46,1673400,0.1532,969.88,969.17,0.0,0.0
2025-08-20 04:00:00,COST,977.62,997.89,977.62,993.16,2229600,1.3988,969.68,969.77,0.0,0.0
2025-08-21 04:00:00,COST,987.5,987.92,966.15,968.31,2145600,-2.5026,968.95,970.27,0.0,0.0
2025-08-22 04:00:00,COST,970.17,972.12,951.76,957.19,3136000,-1.1488,968.22,970.69,0.0,0.0
2025-08-25 04:00:00,COST,953.61,956.95,939.23,940.25,2284300,-1.7694,967.03,970.98,0.0,0.0
2025-08-26 04:00:00,COST,940.01,942.72,931.93,940.01,4341300,-0.0255,966.08,971.26,0.0,0.0
2025-08-27 04:00:00,COST,939.16,950.66,935.9,948.18,1893600,0.869,965.41,971.52,0.0,0.0
2025-08-28 04:00:00,COST,948.95,949.66,942.8,943.62,2067900,-0.4802,964.78,971.7,0.0,0.0
2025-08-29 04:00:00,COST,943.66,947.27,939.13,941.99,1609000,-0.1736,964.18,971.71,0.0,0.0
2025-09-02 04:00:00,COST,937.33,943.18,935.26,937.49,1793900,-0.477,963.38,971.76,0.0,0.0
2025-09-03 04:00:00,COST,937.67,948.75,935.18,948.44,1670500,1.1674,962.31,971.86,0.0,0.0
2025-09-04 04:00:00,COST,952.05,958.14,949.77,954.55,1471900,0.6444,961.42,971.99,0.0,0.0
2025-09-05 04:00:00,COST,957.36,968.18,954.87,962.12,1928500,0.793,960.99,972.21,0.0,0.0
2025-09-08 04:00:00,COST,962.37,970.97,957.24,970.48,1737000,0.8687,960.79,972.55,0.0,0.0
2025-09-09 04:00:00,COST,968.63,978.49,961.75,977.87,1496800,0.7614,960.7,972.86,0.0,0.0
2025-09-10 04:00:00,COST,975.01,979.61,952.61,954.94,2277500,-2.3447,960.06,973.01,0.0,0.0
2025-09-11 04:00:00,COST,956.45,963.8,952.93,962.96,1532000,0.8397,959.65,973.21,0.0,0.0
2025-09-12 04:00:00,COST,958.93,968.2,958.64,966.53,1461600,0.3713,959.39,973.29,0.0,0.0
2025-09-15 04:00:00,COST,966.45,968.37,958.35,958.74,2199400,-0.8059,958.88,973.29,0.0,0.0
2025-09-16 04:00:00,COST,957.75,958.22,949.46,950.72,2012600,-0.8364,958.11,973.26,0.0,0.0
2025-09-17 04:00:00,COST,952.14,962.62,952.14,961.67,1556800,1.1512,957.68,973.24,0.0,0.0
2025-09-18 04:00:00,COST,956.02,961.18,949.33,951.01,1860900,-1.108,957.11,973.21,0.0,0.0
2025-09-19 04:00:00,COST,953.65,956.09,942.46,949.82,4606000,-0.126,956.76,973.13,0.0,0.0
2025-09-22 04:00:00,COST,946.04,948.66,938.28,941.93,2794300,-0.8306,956.25,972.99,0.0,0.0
2025-09-23 04:00:00,COST,941.43,943.65,932.18,942.27,3258500,0.036,955.53,972.81,0.0,0.0
2025-09-24 04:00:00,COST,942.95,952.31,941.78,943.93,2149800,0.177,955.11,972.6,0.0,0.0
2025-09-25 04:00:00,COST,951.1,951.65,934.3,941.98,2991500,-0.2073,954.97,972.43,0.0,0.0
2025-09-26 04:00:00,COST,924.24,926.32,903.77,914.66,4812900,-2.9004,954.24,972.06,0.0,0.0
2025-09-29 04:00:00,COST,915.05,915.92,902.01,915.57,4107000,0.1004,953.59,971.73,0.0,0.0
2025-09-30 04:00:00,COST,914.96,929.2,912.08,924.32,3096700,0.9554,953.17,971.41,0.0,0.0
2025-10-01 04:00:00,COST,921.7,922.69,909.88,916.04,2642100,-0.8956,952.72,971.04,0.0,0.0
2025-10-02 04:00:00,COST,911.27,917.21,908.72,915.47,2063800,-0.0621,952.25,970.7,0.0,0.0
2025-10-03 04:00:00,COST,914.3,916.8,909.91,914.09,2319200,-0.1516,951.91,970.35,0.0,0.0
2025-10-06 04:00:00,COST,914.21,914.49,902.97,909.65,2504000,-0.485,951.45,969.96,0.0,0.0
2025-10-07 04:00:00,COST,907.45,916.34,902.6,913.51,2601800,0.4237,951.09,969.64,0.0,0.0
2025-10-08 04:00:00,COST,911.25,915.09,909.67,913.51,2376900,0.0,950.72,969.41,0.0,0.0
2025-10-09 04:00:00,COST,930.99,942.44,925.97,941.56,3742900,3.0706,951.05,969.37,0.0,0.0
2025-10-10 04:00:00,COST,943.09,944.11,927.69,928.7,3142500,-1.366,950.89,969.27,0.0,0.0
2025-10-13 04:00:00,COST,927.69,934.66,921.7,934.24,2169600,0.5968,950.55,969.21,0.0,0.0
2025-10-14 04:00:00,COST,938.93,946.08,934.63,945.17,1925900,1.1704,950.37,969.17,0.0,0.0
2025-10-15 04:00:00,COST,944.66,962.64,943.92,953.64,2009800,0.8959,950.6,969.18,0.0,0.0
2025-10-16 04:00:00,COST,954.19,956.55,919.86,924.31,2721400,-3.0754,949.74,969.13,0.0,0.0
2025-10-17 04:00:00,COST,928.27,937.49,926.84,935.01,2502200,1.1571,948.92,969.22,0.0,0.0
2025-10-20 04:00:00,COST,934.87,938.47,930.18,934.79,1523700,-0.0235,948.02,969.33,0.0,0.0
2025-10-21 04:00:00,COST,934.79,942.04,933.68,936.18,1448200,0.1485,947.0,969.49,0.0,0.0
2025-10-22 04:00:00,COST,938.67,951.65,931.18,943.35,2372400,0.7659,946.07,969.65,0.0,0.0
2025-10-23 04:00:00,COST,944.13,944.13,933.17,940.72,1974800,-0.2784,945.33,969.76,0.0,0.0
2025-10-24 04:00:00,COST,938.67,941.67,928.84,930.82,1639400,-1.052,944.47,969.83,0.0,0.0
2025-10-27 04:00:00,COST,928.9,931.88,923.81,928.54,1967600,-0.2457,943.63,969.86,0.0,0.0
2025-10-28 04:00:00,COST,925.56,929.41,918.9,922.85,2090800,-0.6119,942.53,969.82,0.0,0.0
2025-10-29 04:00:00,COST,917.7,918.58,908.02,911.13,2449600,-1.2703,941.16,969.77,0.0,0.0
2025-10-30 04:00:00,COST,911.4,921.7,909.08,918.88,2677100,0.8505,939.67,969.81,0.0,0.0
2025-10-31 04:00:00,COST,916.21,920.0,909.68,911.45,2456300,-0.8086,938.54,969.77,1.3,0.0
2025-11-03 05:00:00,COST,912.4,929.19,908.38,928.04,3206600,1.8202,937.95,969.83,0.0,0.0
2025-11-04 05:00:00,COST,933.21,941.17,928.97,940.74,2554500,1.3685,937.96,969.85,0.0,0.0
2025-11-05 05:00:00,COST,940.0,945.28,927.44,935.03,2974800,-0.607,937.86,969.81,0.0,0.0
2025-11-06 05:00:00,COST,924.36,925.0,908.3,923.58,3247700,-1.2246,937.37,969.73,0.0,0.0
2025-11-07 05:00:00,COST,929.53,937.0,920.79,922.74,2584000,-0.091,936.95,969.65,0.0,0.0
2025-11-10 05:00:00,COST,919.0,922.0,909.07,915.56,2612700,-0.7781,936.43,969.56,0.0,0.0
2025-11-11 05:00:00,COST,916.5,918.89,913.0,913.86,1663400,-0.1857,935.95,969.33,0.0,0.0
2025-11-12 05:00:00,COST,915.47,918.1,911.67,914.0,1829700,0.0153,935.26,969.13,0.0,0.0
2025-11-13 05:00:00,COST,916.35,926.75,911.72,925.08,2430600,1.2123,934.68,968.96,0.0,0.0
2025-11-14 05:00:00,COST,927.13,928.89,915.1,922.98,1739100,-0.227,933.89,968.7,0.0,0.0
2025-11-17 05:00:00,COST,922.02,924.9,908.81,912.59,2481900,-1.1257,932.73,968.39,0.0,0.0
2025-11-18 05:00:00,COST,912.59,918.91,894.17,895.08,2984700,-1.9187,931.08,967.86,0.0,0.0
2025-11-19 05:00:00,COST,895.0,895.0,873.97,890.6,3462300,-0.5005,929.79,967.23,0.0,0.0
2025-11-20 05:00:00,COST,893.5,904.57,891.0,893.29,2648300,0.302,928.4,966.51,0.0,0.0
2025-11-21 05:00:00,COST,894.52,905.32,892.13,899.01,2870100,0.6403,927.05,965.78,0.0,0.0
2025-11-24 05:00:00,COST,899.0,901.36,881.32,886.12,3661200,-1.4338,925.6,965.01,0.0,0.0
2025-11-25 05:00:00,COST,886.66,895.72,885.13,894.33,2534700,0.9265,924.47,964.2,0.0,0.0
2025-11-26 05:00:00,COST,896.02,912.0,895.62,908.26,1936200,1.5576,923.4,963.47,0.0,0.0
2025-11-28 05:00:00,COST,905.02,914.2,903.0,913.59,1092600,0.5868,922.65,962.73,0.0,0.0
2025-12-01 05:00:00,COST,913.2,918.58,906.21,911.96,2149400,-0.1784,921.89,961.93,0.0,0.0
2025-12-02 05:00:00,COST,911.96,923.0,905.0,922.03,2160600,1.1042,921.5,961.2,0.0,0.0
2025-12-03 05:00:00,COST,920.81,926.32,916.02,922.26,1886800,0.0249,921.1,960.56,0.0,0.0
2025-12-04 05:00:00,COST,907.03,907.96,888.08,895.86,3787800,-2.8625,920.13,959.74,0.0,0.0
